Variable,Month,Baseline,Model,RMSE_model,RMSE_baseline,Skill,R2,CI_low,CI_high,DM_stat,DM_p
RAIN,2,Baseline,Ridge,69734504.44568324,166939940.75331894,0.5822778890958913,0.5803678236102461,-0.24560854619583022,0.7161033654114413,-0.9725580637515462,0.3436621469701533
RAIN,2,Baseline,RF,128796937.95818843,166939940.75331894,0.22848338524028244,0.22495556801685435,,,,
RAIN,2,Baseline,HGB,153585831.06998202,166939940.75331894,0.07999349720070759,0.07578669889701584,,,,
RAIN,2,DeptClim,Ridge,69734504.44568324,170108106.93982512,0.590057724466057,0.5803678236102461,-0.09139220418748284,0.7909331938704282,-1.0470210416706331,0.3089466234673428
RAIN,2,DeptClim,RF,128796937.95818843,170108106.93982512,0.2428524408672087,0.22495556801685435,,,,
RAIN,2,DeptClim,HGB,153585831.06998202,170108106.93982512,0.09712809205317752,0.07578669889701584,,,,
RAIN,2,Persist,Ridge,69734504.44568324,30528585.95539092,-1.2842363071640763,0.5803678236102461,-26.36949549083298,0.035120499296511135,1.0115870064245636,0.3251413044067324
RAIN,2,Persist,RF,128796937.95818843,30528585.95539092,-3.2188962877740064,0.22495556801685435,,,,
RAIN,2,Persist,HGB,153585831.06998202,30528585.95539092,-4.030885848902574,0.07578669889701584,,,,
RAIN,3,Baseline,Ridge,19760053.38326059,28434322.115749486,0.30506332091118527,0.2994687210464083,0.04622885891710101,0.6029159273257554,-1.3088090009309468,0.20706347981718776
RAIN,3,Baseline,RF,20060754.98917093,28434322.115749486,0.2944880167176738,0.2888082801819003,,,,
RAIN,3,Baseline,HGB,24188594.317294776,28434322.115749486,0.1493170043291816,0.14246856602428715,,,,
RAIN,3,DeptClim,Ridge,19760053.38326059,27516165.24467226,0.2818747377203452,0.2994687210464083,0.04032221737340134,0.5944685470430415,-1.30951007704529,0.2068309780189297
RAIN,3,DeptClim,RF,20060754.98917093,27516165.24467226,0.2709465577491712,0.2888082801819003,,,,
RAIN,3,DeptClim,HGB,24188594.317294776,27516165.24467226,0.1209314923714443,0.14246856602428715,,,,
RAIN,3,Persist,Ridge,19760053.38326059,92958253.3723387,0.7874308878834795,0.2994687210464083,-9.006723897819732,0.943968817531584,-0.866360269534258,0.39769420924080734
RAIN,3,Persist,RF,20060754.98917093,92958253.3723387,0.7841960852166748,0.2888082801819003,,,,
RAIN,3,Persist,HGB,24188594.317294776,92958253.3723387,0.7397907830689459,0.14246856602428715,,,,
RAIN,4,Baseline,Ridge,78262298.26280656,30759978.963802617,-1.544289719928066,-1.5682783937879554,-11.057321164205975,0.298756181923145,0.9083965654977731,0.37567111762874905
RAIN,4,Baseline,RF,24689178.941491906,30759978.963802617,0.19736034375883804,0.18979270679132831,,,,
RAIN,4,Baseline,HGB,24952237.8393029,30759978.963802617,0.1888083581375034,0.1811600893172931,,,,
RAIN,4,DeptClim,Ridge,78262298.26280656,29771665.675248586,-1.628751078844469,-1.5682783937879554,-11.124958186082269,0.3943864647568887,0.9169607537793903,0.3712862675026667
RAIN,4,DeptClim,RF,24689178.941491906,29771665.675248586,0.1707155652356439,0.18979270679132831,,,,
RAIN,4,DeptClim,HGB,24952237.8393029,29771665.675248586,0.16187968414385479,0.1811600893172931,,,,
RAIN,4,Persist,Ridge,78262298.26280656,33955609.81254372,-1.3048414884863968,-1.5682783937879554,-5.680757030802366,0.7553233684122277,0.9064162561530371,0.37668995395395855
RAIN,4,Persist,RF,24689178.941491906,33955609.81254372,0.27289837886017454,0.18979270679132831,,,,
RAIN,4,Persist,HGB,24952237.8393029,33955609.81254372,0.265151237835076,0.1811600893172931,,,,
RAIN,5,Baseline,Ridge,306712449.6088622,104464369.34849401,-1.9360484490713472,-1.9568970767550389,-44.30253194178666,0.4107960112648337,0.9536224754776597,0.35290665512056063
RAIN,5,Baseline,RF,95910633.09379399,104464369.34849401,0.08188185414841953,0.07536237610691965,,,,
RAIN,5,Baseline,HGB,102809216.83526087,104464369.34849401,0.015844182313603405,0.00885577644033786,,,,
RAIN,5,DeptClim,Ridge,306712449.6088622,106782096.24231894,-1.87232092646734,-1.9568970767550389,-30.085594434836633,0.613394912356372,0.9413494369145965,0.3589888548482252
RAIN,5,DeptClim,RF,95910633.09379399,106782096.24231894,0.10180979331829665,0.07536237610691965,,,,
RAIN,5,DeptClim,HGB,102809216.83526087,106782096.24231894,0.037205482443821714,0.00885577644033786,,,,
RAIN,5,Persist,Ridge,306712449.6088622,28850682.428519666,-9.631029278727523,-1.9568970767550389,-214.90463947230583,-0.9642552304465553,1.2784620859446212,0.21732598263469782
RAIN,5,Persist,RF,95910633.09379399,28850682.428519666,-2.324380049983975,0.07536237610691965,,,,
RAIN,5,Persist,HGB,102809216.83526087,28850682.428519666,-2.5634934144098867,0.00885577644033786,,,,
RAIN,6,Baseline,Ridge,92009459.26298225,102859056.95038036,0.10548023683157037,0.09955067160361852,-1.2614084573901179,0.6187254898730636,-0.1858452083945596,0.8546444216423734
RAIN,6,Baseline,RF,51972235.79945763,102859056.95038036,0.4947237769783437,0.4913744174159257,,,,
RAIN,6,Baseline,HGB,90473574.73815227,102859056.95038036,0.12041216961772161,0.11458158472880808,,,,
RAIN,6,DeptClim,Ridge,92009459.26298225,101412341.5416661,0.09271930946215856,0.09955067160361852,-1.2219936984168795,0.7525627020804563,-0.16252072722758742,0.8727063838947413
RAIN,6,DeptClim,RF,51972235.79945763,101412341.5416661,0.4875156710773273,0.4913744174159257,,,,
RAIN,6,DeptClim,HGB,90473574.73815227,101412341.5416661,0.10786425633431962,0.11458158472880808,,,,
RAIN,6,Persist,Ridge,92009459.26298225,26417040.61563216,-2.4829586175726313,0.09955067160361852,-11.311673718916804,-1.4448678513610729,1.507242965138226,0.14909835283408301
RAIN,6,Persist,RF,51972235.79945763,26417040.61563216,-0.9673753981626276,0.4913744174159257,,,,
RAIN,6,Persist,HGB,90473574.73815227,26417040.61563216,-2.4248187014791864,0.11458158472880808,,,,
RAIN,7,Baseline,Ridge,28509634.423254795,214178216.35052592,0.8668882629193453,0.8661817788396682,0.07382602650479693,0.8861521252471621,-1.4657504685611935,0.1599674754679976
RAIN,7,Baseline,RF,100715992.81051002,214178216.35052592,0.5297561324085482,0.5272603359197844,,,,
RAIN,7,Baseline,HGB,201461849.6501047,214178216.35052592,0.059372829399277016,0.054380496375041276,,,,
RAIN,7,DeptClim,Ridge,28509634.423254795,212828822.3343533,0.8660442974285397,0.8661817788396682,0.7388163617668401,0.8831436213853125,-1.6649458450798431,0.11323295267712274
RAIN,7,DeptClim,RF,100715992.81051002,212828822.3343533,0.5267746553035679,0.5272603359197844,,,,
RAIN,7,DeptClim,HGB,201461849.6501047,212828822.3343533,0.053408991129928474,0.054380496375041276,,,,
RAIN,7,Persist,Ridge,28509634.423254795,36748608.72563255,0.22419826458983683,0.8661817788396682,-6.483903263110088,0.5399991989071647,-0.3730638817308822,0.7134579026861818
RAIN,7,Persist,RF,100715992.81051002,36748608.72563255,-1.7406749888808593,0.5272603359197844,,,,
RAIN,7,Persist,HGB,201461849.6501047,36748608.72563255,-4.482162635168904,0.054380496375041276,,,,
RAIN,8,Baseline,Ridge,7978586.723284877,243243027.72278222,0.9671991144084184,0.9670300941838018,0.2889508839872785,0.982436191848324,-1.3443194585348834,0.1955436256762495
RAIN,8,Baseline,RF,129259268.26404308,243243027.72278222,0.4686003151903021,0.4658620569857487,,,,
RAIN,8,Baseline,HGB,221669858.34764147,243243027.72278222,0.08868977490169683,0.08399386940513542,,,,
RAIN,8,DeptClim,Ridge,7978586.723284877,242435589.4988714,0.9670898701804587,0.9670300941838018,0.7873199322348993,0.9819819101198666,-1.4631494774162648,0.160669947649819
RAIN,8,DeptClim,RF,129259268.26404308,242435589.4988714,0.46683047430771374,0.4658620569857487,,,,
RAIN,8,DeptClim,HGB,221669858.34764147,242435589.4988714,0.08565463178963906,0.08399386940513542,,,,
RAIN,8,Persist,Ridge,7978586.723284877,8797059.935438387,0.09303940386450515,0.9670300941838018,-6.582249287175572,0.4987717297888567,-0.17192360781640886,0.8654157370191191
RAIN,8,Persist,RF,129259268.26404308,8797059.935438387,-13.693462271790429,0.4658620569857487,,,,
RAIN,8,Persist,HGB,221669858.34764147,8797059.935438387,-24.198175296573663,0.08399386940513542,,,,
RAIN,9,Baseline,Ridge,106730606.08738187,385545025.15269125,0.7231695414948947,0.721591356065006,0.227505757900832,0.7750587375674752,-1.0657288763292048,0.30063341159770585
RAIN,9,Baseline,RF,278687218.31551737,385545025.15269125,0.2771603830054711,0.27303953966385575,,,,
RAIN,9,Baseline,HGB,366880107.90371346,385545025.15269125,0.04841177043222311,0.04298685191976226,,,,
RAIN,9,DeptClim,Ridge,106730606.08738187,391057476.3532589,0.7270718179775508,0.721591356065006,0.39155303009213405,0.8795964133849072,-1.145591032876093,0.2669676034440691
RAIN,9,DeptClim,RF,278687218.31551737,391057476.3532589,0.287349724356715,0.27303953966385575,,,,
RAIN,9,DeptClim,HGB,366880107.90371346,391057476.3532589,0.0618256136540527,0.04298685191976226,,,,
RAIN,9,Persist,Ridge,106730606.08738187,35277795.71138649,-2.025432965272624,0.721591356065006,-6.85602250471226,-0.38399812428967545,1.4363665219394852,0.16805139636201427
RAIN,9,Persist,RF,278687218.31551737,35277795.71138649,-6.8997911489568065,0.27303953966385575,,,,
RAIN,9,Persist,HGB,366880107.90371346,35277795.71138649,-9.399745803428894,0.04298685191976226,,,,
RAIN,10,Baseline,Ridge,135926315.61341494,119654266.52252492,-0.1359922179442452,-0.1426783556805875,-7.039692851208496,0.49497416234355024,0.34133483854487084,0.7368037589926293
RAIN,10,Baseline,RF,118390649.30752106,119654266.52252492,0.010560569645596263,0.00473700130717114,,,,
RAIN,10,Baseline,HGB,114325696.26733063,119654266.52252492,0.04453305686505704,0.03890944124215889,,,,
RAIN,10,DeptClim,Ridge,135926315.61341494,123760417.45784074,-0.09830201291716345,-0.1426783556805875,-4.527277901948047,0.6818137960242489,0.2525707854189253,0.8034616085285504
RAIN,10,DeptClim,RF,118390649.30752106,123760417.45784074,0.04338841336042598,0.00473700130717114,,,,
RAIN,10,DeptClim,HGB,114325696.26733063,123760417.45784074,0.07623375376641783,0.03890944124215889,,,,
RAIN,10,Persist,Ridge,135926315.61341494,103177315.2633009,-0.3174050445734222,-0.1426783556805875,-2.803792711475154,-0.13227359966710922,1.2926046566241212,0.21249492954343152
RAIN,10,Persist,RF,118390649.30752106,103177315.2633009,-0.14744843869407598,0.00473700130717114,,,,
RAIN,10,Persist,HGB,114325696.26733063,103177315.2633009,-0.10805069869844819,0.03890944124215889,,,,
RAIN,11,Baseline,Ridge,228739867.76348045,223065179.81174907,-0.025439595532213533,-0.03187510954111272,-3.8911551765608072,0.2666712662610234,0.13826186193180875,0.8915684778133812
RAIN,11,Baseline,RF,237323102.05959028,223065179.81174907,-0.06391818866518695,-0.0705951888876366,,,,
RAIN,11,Baseline,HGB,215728124.8196306,223065179.81174907,0.03289197802324151,0.026822544727836073,,,,
RAIN,11,DeptClim,Ridge,228739867.76348045,221264390.2980911,-0.03378527134582421,-0.03187510954111272,-0.8525837889783714,0.6035659965565829,0.20315955107253134,0.8412892458123049
RAIN,11,DeptClim,RF,237323102.05959028,221264390.2980911,-0.07257702759971729,-0.0705951888876366,,,,
RAIN,11,DeptClim,HGB,215728124.8196306,221264390.2980911,0.025021041438262892,0.026822544727836073,,,,
RAIN,11,Persist,Ridge,228739867.76348045,131474303.32692386,-0.7398066540401902,-0.03187510954111272,-28.10121552231647,-0.010010904267160078,1.4441988554038603,0.16586471698056315
RAIN,11,Persist,RF,237323102.05959028,131474303.32692386,-0.8050911551093214,-0.0705951888876366,,,,
RAIN,11,Persist,HGB,215728124.8196306,131474303.32692386,-0.6408386989752763,0.026822544727836073,,,,
RAIN,12,Baseline,Ridge,209857197.13993457,207361140.63185227,-0.012037243335354608,-0.01768763816512231,-4.584552753575382,0.3010588143187662,0.06624150767538046,0.9479157557109692
RAIN,12,Baseline,RF,221981798.71971574,207361140.63185227,-0.07050818703693817,-0.07648503617474534,,,,
RAIN,12,Baseline,HGB,197655927.50616843,207361140.63185227,0.046803432389072475,0.041481556150969934,,,,
RAIN,12,DeptClim,Ridge,209857197.13993457,205089063.73401552,-0.023249086611965453,-0.01768763816512231,-0.8861780994764574,0.7579145003397779,0.1426847230253091,0.888124235199149
RAIN,12,DeptClim,RF,221981798.71971574,205089063.73401552,-0.08236780000911592,-0.07648503617474534,,,,
RAIN,12,DeptClim,HGB,197655927.50616843,205089063.73401552,0.03624345488010661,0.041481556150969934,,,,
RAIN,12,Persist,Ridge,209857197.13993457,4493766.636621969,-45.69962063221141,-0.01768763816512231,-90.57779314615824,-1.0610708906128232,1.5920042246704278,0.1287925876803533
RAIN,12,Persist,RF,221981798.71971574,4493766.636621969,-48.39771391568806,-0.07648503617474534,,,,
RAIN,12,Persist,HGB,197655927.50616843,4493766.636621969,-42.98446637067681,0.041481556150969934,,,,
TEMP,2,Baseline,Ridge,8.386076246005231,35.670671224099266,0.7649027630200701,0.7641261399186559,0.6809749517564914,0.8775842779672954,-11.081581096110588,1.7981798272614924e-09
TEMP,2,Baseline,RF,9.276739846969036,35.670671224099266,0.7399336898179356,0.7390745835732961,,,,
TEMP,2,Baseline,HGB,8.877420117194399,35.670671224099266,0.7511283131897789,0.7503061874015408,,,,
TEMP,2,DeptClim,Ridge,8.386076246005231,10.686980647998325,0.21529976312103216,0.7641261399186559,-0.04578716594237178,0.5400157309241329,-1.1233547797368533,0.276046741296623
TEMP,2,DeptClim,RF,9.276739846969036,10.686980647998325,0.13195876810101903,0.7390745835732961,,,,
TEMP,2,DeptClim,HGB,8.877420117194399,10.686980647998325,0.16932383340123836,0.7503061874015408,,,,
TEMP,2,Persist,Ridge,8.386076246005231,4.429403650501124,-0.8932743339064315,0.7641261399186559,-2.1971855326080934,-0.27557789471693955,1.9487377624352937,0.06708822983192952
TEMP,2,Persist,RF,9.276739846969036,4.429403650501124,-1.094354134087442,0.7390745835732961,,,,
TEMP,2,Persist,HGB,8.877420117194399,4.429403650501124,-1.004202104314888,0.7503061874015408,,,,
TEMP,3,Baseline,Ridge,9.061546004666061,34.184235214247444,0.7349203237143257,0.7338427173424388,0.6629972738251199,0.8178501338588213,-9.81205604235852,1.1949703893066044e-08
TEMP,3,Baseline,RF,9.105954817874515,34.184235214247444,0.7336212215717701,0.7325383340679377,,,,
TEMP,3,Baseline,HGB,8.944618304870819,34.184235214247444,0.7383408390209402,0.7372771377855811,,,,
TEMP,3,DeptClim,Ridge,9.061546004666061,11.638451755937924,0.22141310591051155,0.7338427173424388,0.04987663351711696,0.3978347196746183,-1.8609949546248223,0.07915987352314824
TEMP,3,DeptClim,RF,9.105954817874515,11.638451755937924,0.21759740824386986,0.7325383340679377,,,,
TEMP,3,DeptClim,HGB,8.944618304870819,11.638451755937924,0.23145977725883637,0.7372771377855811,,,,
TEMP,3,Persist,Ridge,9.061546004666061,4.621967361860893,-0.9605387263093326,0.7338427173424388,-2.4189901110536067,-0.3026629094263559,2.246654034550203,0.037445946212300685
TEMP,3,Persist,RF,9.105954817874515,4.621967361860893,-0.9701469320216669,0.7325383340679377,,,,
TEMP,3,Persist,HGB,8.944618304870819,4.621967361860893,-0.9352404732839876,0.7372771377855811,,,,
TEMP,4,Baseline,Ridge,8.796894009938788,33.98969927812151,0.7411894133585003,0.7402591970693164,0.6800940985112476,0.8100533259049366,-10.742181017125542,2.935174547857855e-09
TEMP,4,Baseline,RF,9.190262328509291,33.98969927812151,0.7296162506967256,0.7286444381785581,,,,
TEMP,4,Baseline,HGB,9.220145226561113,33.98969927812151,0.728737075573483,0.7277621031265378,,,,
TEMP,4,DeptClim,Ridge,8.796894009938788,11.290256690287567,0.22084198337967753,0.7402591970693164,0.04403065952731032,0.38062168472346264,-1.8649678502282794,0.07857431681235116
TEMP,4,DeptClim,RF,9.190262328509291,11.290256690287567,0.18600058611464465,0.7286444381785581,,,,
TEMP,4,DeptClim,HGB,9.220145226561113,11.290256690287567,0.18335379969768673,0.7277621031265378,,,,
TEMP,4,Persist,Ridge,8.796894009938788,3.2823373434082193,-1.6800700505708903,0.7402591970693164,-4.0669447813034205,-0.7259793365395104,3.121730523615054,0.005892303828320289
TEMP,4,Persist,RF,9.190262328509291,3.2823373434082193,-1.7999140146169652,0.7286444381785581,,,,
TEMP,4,Persist,HGB,9.220145226561113,3.2823373434082193,-1.8090181666054361,0.7277621031265378,,,,
TEMP,5,Baseline,Ridge,10.89841027348065,33.67765342900965,0.6763904499328077,0.6752333349840083,0.6067619592338684,0.7474244044810635,-8.952786988255824,4.762685512638143e-08
TEMP,5,Baseline,RF,11.703997397018568,33.67765342900965,0.6524699257420102,0.6512272793368044,,,,
TEMP,5,Baseline,HGB,11.77795921356483,33.67765342900965,0.6502737567986434,0.6490232576588258,,,,
TEMP,5,DeptClim,Ridge,10.89841027348065,12.671673351061294,0.13993914051076195,0.6752333349840083,-0.04191528162707796,0.2727721925059117,-1.241927996520618,0.2302022397810688
TEMP,5,DeptClim,RF,11.703997397018568,12.671673351061294,0.07636528556519961,0.6512272793368044,,,,
TEMP,5,DeptClim,HGB,11.77795921356483,12.671673351061294,0.0705285018589602,0.6490232576588258,,,,
TEMP,5,Persist,Ridge,10.89841027348065,2.2067224762265125,-3.938731712252685,0.6752333349840083,-6.858152931402787,-2.4311000939370295,5.248317977086953,5.441276931139605e-05
TEMP,5,Persist,RF,11.703997397018568,2.2067224762265125,-4.303792172830161,0.6512272793368044,,,,
TEMP,5,Persist,HGB,11.77795921356483,2.2067224762265125,-4.337308764673073,0.6490232576588258,,,,
TEMP,6,Baseline,Ridge,12.753995895774338,34.340163095864156,0.628598272519259,0.6275245761994688,0.5473606036832221,0.7135610476767227,-8.418054433407873,1.1775891883836209e-07
TEMP,6,Baseline,RF,13.103280787157813,34.340163095864156,0.6184269494999591,0.6173238485994006,,,,
TEMP,6,Baseline,HGB,12.851054216022153,34.340163095864156,0.6257718933906316,0.6246900262072071,,,,
TEMP,6,DeptClim,Ridge,12.753995895774338,13.46567585698137,0.05285141041309538,0.6275245761994688,-0.13612107406078325,0.19707169471055622,-0.47339566710920045,0.6416214733508054
TEMP,6,DeptClim,RF,13.103280787157813,13.46567585698137,0.026912505073829696,0.6173238485994006,,,,
TEMP,6,DeptClim,HGB,12.851054216022153,13.46567585698137,0.04564357908857308,0.6246900262072071,,,,
TEMP,6,Persist,Ridge,12.753995895774338,3.4910239237705323,-2.653368230716447,0.6275245761994688,-3.7105460077393038,-1.9633688654889085,6.077051789636581,9.628447499965276e-06
TEMP,6,Persist,RF,13.103280787157813,3.4910239237705323,-2.75342050735803,0.6173238485994006,,,,
TEMP,6,Persist,HGB,12.851054216022153,3.4910239237705323,-2.6811704808204753,0.6246900262072071,,,,
TEMP,7,Baseline,Ridge,12.677375916513988,36.3230765347082,0.6509828702312639,0.6498654209417856,0.5730306217729852,0.7385013555696511,-9.231223282075346,3.014073679530327e-08
TEMP,7,Baseline,RF,13.570701940830547,36.3230765347082,0.6263889726448919,0.6251927809928208,,,,
TEMP,7,Baseline,HGB,13.096525022317584,36.3230765347082,0.6394433987494612,0.6382890034962797,,,,
TEMP,7,DeptClim,Ridge,12.677375916513988,13.954763772874871,0.09153776281357462,0.6498654209417856,-0.060952681673617545,0.24440499924928413,-0.9253640383935708,0.36701741889223727
TEMP,7,DeptClim,RF,13.570701940830547,13.954763772874871,0.027521915690959964,0.6251927809928208,,,,
TEMP,7,DeptClim,HGB,13.096525022317584,13.954763772874871,0.06150148899156027,0.6382890034962797,,,,
TEMP,7,Persist,Ridge,12.677375916513988,4.074999252622235,-2.111013065427234,0.6498654209417856,-3.5349966290690498,-1.3331262179963397,4.427612298528175,0.00032500442590133183
TEMP,7,Persist,RF,13.570701940830547,4.074999252622235,-2.3302342158953504,0.6251927809928208,,,,
TEMP,7,Persist,HGB,13.096525022317584,4.074999252622235,-2.2138717605629146,0.6382890034962797,,,,
TEMP,8,Baseline,Ridge,12.185263153485556,37.541922626700334,0.6754225063364435,0.6740186444181289,0.6053469269545675,0.7438940352373903,-7.714638758696841,4.0949008006663234e-07
TEMP,8,Baseline,RF,12.976677626787543,37.541922626700334,0.6543416874031286,0.6528466467694529,,,,
TEMP,8,Baseline,HGB,13.018638990686082,37.541922626700334,0.6532239672395721,0.6517240922449085,,,,
TEMP,8,DeptClim,Ridge,12.185263153485556,15.232086355501066,0.20002664972518036,0.6740186444181289,0.02578099761441105,0.33018836296427373,-1.652296428703139,0.11581045892047759
TEMP,8,DeptClim,RF,12.976677626787543,15.232086355501066,0.14806958653428204,0.6528466467694529,,,,
TEMP,8,DeptClim,HGB,13.018638990686082,15.232086355501066,0.14531478571979062,0.6517240922449085,,,,
TEMP,8,Persist,Ridge,12.185263153485556,4.5382055958140075,-1.6850399119698571,0.6740186444181289,-6.742249032809106,-0.6944959056651342,3.309322168631017,0.003900205552426872
TEMP,8,Persist,RF,12.976677626787543,4.5382055958140075,-1.8594292067237088,0.6528466467694529,,,,
TEMP,8,Persist,HGB,13.018638990686082,4.5382055958140075,-1.8686754524066376,0.6517240922449085,,,,
TEMP,9,Baseline,Ridge,12.132678233194946,37.889771582076186,0.6797901458204005,0.6783680583763605,0.6263699807689704,0.7351158844751292,-10.238657185588078,6.204889935190749e-09
TEMP,9,Baseline,RF,12.144427219692197,37.889771582076186,0.6794800624916637,0.6780565979332012,,,,
TEMP,9,Baseline,HGB,12.548761268908292,37.889771582076186,0.6688087379538465,0.6673378808606496,,,,
TEMP,9,DeptClim,Ridge,12.132678233194946,12.885691129828723,0.058437912956849414,0.6783680583763605,-0.18386431714995813,0.2335377957977161,-0.40994951552448494,0.6866808240530475
TEMP,9,DeptClim,RF,12.144427219692197,12.885691129828723,0.05752612744384311,0.6780565979332012,,,,
TEMP,9,DeptClim,HGB,12.548761268908292,12.885691129828723,0.026147597170048775,0.6673378808606496,,,,
TEMP,9,Persist,Ridge,12.132678233194946,4.202483851300595,-1.887025545485462,0.6783680583763605,-3.744454883870493,-1.1264879916766732,4.873873999903595,0.00012207302375033535
TEMP,9,Persist,RF,12.144427219692197,4.202483851300595,-1.889821269850617,0.6780565979332012,,,,
TEMP,9,Persist,HGB,12.548761268908292,4.202483851300595,-1.9860343817917752,0.6673378808606496,,,,
TEMP,10,Baseline,Ridge,11.205019230732212,36.58605999805961,0.6937352852062648,0.6925617543321372,0.6342409533595086,0.7607143902749015,-10.344851871921945,5.28701660229558e-09
TEMP,10,Baseline,RF,11.555758421942658,36.58605999805961,0.6841485958707898,0.6829383311668332,,,,
TEMP,10,Baseline,HGB,11.339629949079528,36.58605999805961,0.6900559953796352,0.6888683663740618,,,,
TEMP,10,DeptClim,Ridge,11.205019230732212,10.568414718432125,-0.06023651884040837,0.6925617543321372,-0.4366693668246656,0.19559051578520356,0.3186384134424463,0.7536683703293485
TEMP,10,DeptClim,RF,11.555758421942658,10.568414718432125,-0.09342401200328831,0.6829383311668332,,,,
TEMP,10,DeptClim,HGB,11.339629949079528,10.568414718432125,-0.07297359643753798,0.6888683663740618,,,,
TEMP,10,Persist,Ridge,11.205019230732212,3.3669267489481642,-2.327966441275471,0.6925617543321372,-5.0389056196569335,-1.2085848965530117,3.951083838166336,0.000936513673875039
TEMP,10,Persist,RF,11.555758421942658,3.3669267489481642,-2.4321383515553774,0.6829383311668332,,,,
TEMP,10,Persist,HGB,11.339629949079528,3.3669267489481642,-2.367946734398678,0.6888683663740618,,,,
TEMP,11,Baseline,Ridge,12.242582252602404,36.21465791280119,0.6619440039422577,0.6609271024701243,0.6078785649875457,0.7210548832215743,-11.43695790742519,1.0895551127987346e-09
TEMP,11,Baseline,RF,12.175393702563431,36.21465791280119,0.6637992900035192,0.6627879693912105,,,,
TEMP,11,Baseline,HGB,12.382829198646057,36.21465791280119,0.6580713470092185,0.6570427962524038,,,,
TEMP,11,DeptClim,Ridge,12.242582252602404,9.846654730353933,-0.24332401083005673,0.6609271024701243,-0.5318658431018676,-0.007454138053281225,1.6276780442467362,0.12097034967907927
TEMP,11,DeptClim,RF,12.175393702563431,9.846654730353933,-0.2365005208348352,0.6627879693912105,,,,
TEMP,11,DeptClim,HGB,12.382829198646057,9.846654730353933,-0.2575671167258409,0.6570427962524038,,,,
TEMP,11,Persist,Ridge,12.242582252602404,2.8384675559218633,-3.3130957149962272,0.6609271024701243,-6.1372142786368755,-2.0862998509770443,5.764226764236122,1.8330471328376063e-05
TEMP,11,Persist,RF,12.175393702563431,2.8384675559218633,-3.2894250022911278,0.6627879693912105,,,,
TEMP,11,Persist,HGB,12.382829198646057,2.8384675559218633,-3.3625051034357956,0.6570427962524038,,,,
TEMP,12,Baseline,Ridge,14.655926892545306,36.64469528128497,0.600053246996699,0.5981695589983204,0.5380989496855936,0.6718801146179941,-11.384970825992669,1.1715268755096986e-09
TEMP,12,Baseline,RF,15.281988529872962,36.64469528128497,0.5829686012513327,0.5810044471861451,,,,
TEMP,12,Baseline,HGB,15.620146405322885,36.64469528128497,0.5737405841303218,0.5717329675167597,,,,
TEMP,12,DeptClim,Ridge,14.655926892545306,11.866739392326426,-0.23504244999451962,0.5981695589983204,-0.4810684309763071,-0.03848172095554476,1.8227678978466846,0.0849934619929269
TEMP,12,DeptClim,RF,15.281988529872962,11.866739392326426,-0.2878001298111419,0.5810044471861451,,,,
TEMP,12,DeptClim,HGB,15.620146405322885,11.866739392326426,-0.31629640534817693,0.5717329675167597,,,,
TEMP,12,Persist,Ridge,14.655926892545306,3.8869609537733543,-2.7705361764228007,0.5981695589983204,-5.883115277706528,-1.739877045649243,6.626533095708117,3.205479885082241e-06
TEMP,12,Persist,RF,15.281988529872962,3.8869609537733543,-2.9316033043855585,0.5810044471861451,,,,
TEMP,12,Persist,HGB,15.620146405322885,3.8869609537733543,-3.018601316321245,0.5717329675167597,,,,
HUMI,2,Baseline,Ridge,50.502479045776596,88.88002616855808,0.43179045705949404,0.4282658100860357,0.2588175244295776,0.551690692274044,-2.7769478781712564,0.012435504029573163
HUMI,2,Baseline,RF,45.88852444433884,88.88002616855808,0.4837026222594405,0.48049999039155533,,,,
HUMI,2,Baseline,HGB,55.91557751433698,88.88002616855808,0.37088702687491437,0.3669845912959314,,,,
HUMI,2,DeptClim,Ridge,50.502479045776596,79.27062009792515,0.3629105085416323,0.4282658100860357,0.14522586031885287,0.5086900950884733,-2.1167981607289494,0.04846644524503696
HUMI,2,DeptClim,RF,45.88852444433884,79.27062009792515,0.42111561146296694,0.48049999039155533,,,,
HUMI,2,DeptClim,HGB,55.91557751433698,79.27062009792515,0.29462419437033605,0.3669845912959314,,,,
HUMI,2,Persist,Ridge,50.502479045776596,29.638464793943967,-0.7039505722339496,0.4282658100860357,-2.426490492605863,-0.1247997984403614,1.69942771232125,0.10645453687037754
HUMI,2,Persist,RF,45.88852444433884,29.638464793943967,-0.5482760245299632,0.48049999039155533,,,,
HUMI,2,Persist,HGB,55.91557751433698,29.638464793943967,-0.886588185423228,0.3669845912959314,,,,
HUMI,3,Baseline,Ridge,83.39255591980832,115.86566305691099,0.2802651474160426,0.27453462083836333,0.16694105107099066,0.4161097204990915,-2.9962732268597234,0.007747941876884212
HUMI,3,Baseline,RF,73.8797048557564,115.86566305691099,0.36236756510452883,0.35729073771199593,,,,
HUMI,3,Baseline,HGB,82.86334474372538,115.86566305691099,0.28483260219186335,0.2791384416743954,,,,
HUMI,3,DeptClim,Ridge,83.39255591980832,113.13832880755406,0.2629150810451044,0.27453462083836333,0.15661981467953848,0.3831039961248025,-3.104857533855651,0.006114000490655913
HUMI,3,DeptClim,RF,73.8797048557564,113.13832880755406,0.3469966753581428,0.35729073771199593,,,,
HUMI,3,DeptClim,HGB,82.86334474372538,113.13832880755406,0.26759263976159486,0.2791384416743954,,,,
HUMI,3,Persist,Ridge,83.39255591980832,57.780511583731744,-0.44326440929761013,0.27453462083836333,-0.8470620102736341,-0.15611284168259046,2.3106909623850327,0.032907777428606844
HUMI,3,Persist,RF,73.8797048557564,57.780511583731744,-0.27862670008891754,0.35729073771199593,,,,
HUMI,3,Persist,HGB,82.86334474372538,57.780511583731744,-0.43410541846181516,0.2791384416743954,,,,
HUMI,4,Baseline,Ridge,115.83432230008886,138.44696359327247,0.1633307131214139,0.1548432978694314,0.0710114893781438,0.26576634411067085,-2.2804648996409114,0.03498232692748782
HUMI,4,Baseline,RF,117.95335713563748,138.44696359327247,0.14802496151407718,0.13938228029061406,,,,
HUMI,4,Baseline,HGB,120.10068440308174,138.44696359327247,0.1325148541652973,0.12371483392660276,,,,
HUMI,4,DeptClim,Ridge,115.83432230008886,140.31671274409584,0.17447950401073753,0.1548432978694314,0.1055140075768839,0.26070372443616696,-3.4045452409316566,0.0031595417047902696
HUMI,4,DeptClim,RF,117.95335713563748,140.31671274409584,0.15937770470181822,0.13938228029061406,,,,
HUMI,4,DeptClim,HGB,120.10068440308174,140.31671274409584,0.14407427273387807,0.12371483392660276,,,,
HUMI,4,Persist,Ridge,115.83432230008886,55.058452805887974,-1.1038426689625664,0.1548432978694314,-2.3822723260456162,-0.23924937255223153,2.0154354774434395,0.05904024087581994
HUMI,4,Persist,RF,117.95335713563748,55.058452805887974,-1.1423296719123117,0.13938228029061406,,,,
HUMI,4,Persist,HGB,120.10068440308174,55.058452805887974,-1.181330536593613,0.12371483392660276,,,,
HUMI,5,Baseline,Ridge,128.09622928748604,140.2712218967742,0.08679608293601204,0.08092433041137315,0.006326478989557582,0.1622180096402697,-1.5252672510138627,0.14457093460988624
HUMI,5,Baseline,RF,130.8773673075728,140.2712218967742,0.06696922192717725,0.06096998591390146,,,,
HUMI,5,Baseline,HGB,133.68342881803719,140.2712218967742,0.04696468020778333,0.04083681824782659,,,,
HUMI,5,DeptClim,Ridge,128.09622928748604,140.7720944022372,0.0900452974616659,0.08092433041137315,0.01190111071132429,0.16044891476385387,-1.6593835364080791,0.11436025795457594
HUMI,5,DeptClim,RF,130.8773673075728,140.7720944022372,0.07028898118395233,0.06096998591390146,,,,
HUMI,5,DeptClim,HGB,133.68342881803719,140.7720944022372,0.05035561639045527,0.04083681824782659,,,,
HUMI,5,Persist,Ridge,128.09622928748604,43.462826625646834,-1.947259514223545,0.08092433041137315,-2.775899604793709,-1.1524409415154515,3.9620301818602552,0.0009139510687581343
HUMI,5,Persist,RF,130.8773673075728,43.462826625646834,-2.0112484039485783,0.06096998591390146,,,,
HUMI,5,Persist,HGB,133.68342881803719,43.462826625646834,-2.075810737517757,0.04083681824782659,,,,
HUMI,6,Baseline,Ridge,140.45796865558435,148.83676007611152,0.05629517476893786,0.049389919122734605,-0.01815853969887296,0.12383930051106783,-1.1351497886934494,0.2712027032415225
HUMI,6,Baseline,RF,144.25428760255045,148.83676007611152,0.030788579859019394,0.023696687932267202,,,,
HUMI,6,Baseline,HGB,145.9513080724627,148.83676007611152,0.019386689163169546,0.01221136757917718,,,,
HUMI,6,DeptClim,Ridge,140.45796865558435,151.0347013660989,0.0700284942125795,0.049389919122734605,-0.014867599745201764,0.14552804178898812,-1.2252237684094212,0.2362823310621145
HUMI,6,DeptClim,RF,144.25428760255045,151.0347013660989,0.04489308551094584,0.023696687932267202,,,,
HUMI,6,DeptClim,HGB,145.9513080724627,151.0347013660989,0.03365712149365174,0.01221136757917718,,,,
HUMI,6,Persist,Ridge,140.45796865558435,55.66760033935152,-1.5231547219450445,0.049389919122734605,-2.687225238978947,-0.9340856130808182,4.235229313113178,0.0004977163583641531
HUMI,6,Persist,RF,144.25428760255045,55.66760033935152,-1.5913509244726116,0.023696687932267202,,,,
HUMI,6,Persist,HGB,145.9513080724627,55.66760033935152,-1.6218358108260231,0.01221136757917718,,,,
HUMI,7,Baseline,Ridge,139.9341767412192,145.0125773354571,0.03502041469472028,0.028468579045887177,-0.031067581554759475,0.10091134135286059,-0.8058517314501362,0.43084634297083335
HUMI,7,Baseline,RF,143.5727173349,145.0125773354571,0.009929207707454757,0.00320701253297484,,,,
HUMI,7,Baseline,HGB,147.2517318397975,145.0125773354571,-0.015441105492253637,-0.022335555214886726,,,,
HUMI,7,DeptClim,Ridge,139.9341767412192,138.00046919621795,-0.014012325872977849,0.028468579045887177,-0.12158193653666678,0.08651278046000835,0.2125996013189236,0.8340283409741198
HUMI,7,DeptClim,RF,143.5727173349,138.00046919621795,-0.040378472414895006,0.00320701253297484,,,,
HUMI,7,DeptClim,HGB,147.2517318397975,138.00046919621795,-0.06703790717135538,-0.022335555214886726,,,,
HUMI,7,Persist,Ridge,139.9341767412192,38.63981839436812,-2.621501926148159,0.028468579045887177,-4.4373496713452125,-1.6702403036628042,4.7849784483592845,0.00014817871616834566
HUMI,7,Persist,RF,143.5727173349,38.63981839436812,-2.7156674979566207,0.00320701253297484,,,,
HUMI,7,Persist,HGB,147.2517318397975,38.63981839436812,-2.8108805361585216,-0.022335555214886726,,,,
HUMI,8,Baseline,Ridge,127.71305806792232,132.61069867747523,0.03693246969058317,0.03041289778771239,-0.07816352051810842,0.11005014159258265,-0.6170291994028947,0.5449421165059438
HUMI,8,Baseline,RF,118.00648381749878,132.61069867747523,0.11012848137913533,0.10410441643313761,,,,
HUMI,8,Baseline,HGB,139.43841758145396,132.61069867747523,-0.051486938626155165,-0.05860507363284584,,,,
HUMI,8,DeptClim,Ridge,127.71305806792232,129.5579454589506,0.014239862977858175,0.03041289778771239,-0.12252682809289903,0.08441413761485686,-0.22854107322814696,0.821801936090437
HUMI,8,DeptClim,RF,118.00648381749878,129.5579454589506,0.08916058062306809,0.10410441643313761,,,,
HUMI,8,DeptClim,HGB,139.43841758145396,129.5579454589506,-0.07626295776382097,-0.05860507363284584,,,,
HUMI,8,Persist,Ridge,127.71305806792232,54.14354762845303,-1.3587862942473259,0.03041289778771239,-3.3215582273310793,-0.5617951356628474,3.170478480002258,0.005294986465412155
HUMI,8,Persist,RF,118.00648381749878,54.14354762845303,-1.179511483571222,0.10410441643313761,,,,
HUMI,8,Persist,HGB,139.43841758145396,54.14354762845303,-1.57534690076676,-0.05860507363284584,,,,
HUMI,9,Baseline,Ridge,137.35019308829817,139.90825418741153,0.01828384689645801,0.011114839312772573,-0.0798918261643725,0.08639356157219563,-0.3503467161918838,0.7301448825900962
HUMI,9,Baseline,RF,133.52379265512556,139.90825418741153,0.04563320133874149,0.03866391312280382,,,,
HUMI,9,Baseline,HGB,148.35883650051994,139.90825418741153,-0.060400884581038206,-0.06814448945020102,,,,
HUMI,9,DeptClim,Ridge,137.35019308829817,132.82761374826768,-0.03404848745232747,0.011114839312772573,-0.17609922850761445,0.05454280608194087,0.5253014625476911,0.6057846368981199
HUMI,9,DeptClim,RF,133.52379265512556,132.82761374826768,-0.005241221213062364,0.03866391312280382,,,,
HUMI,9,DeptClim,HGB,148.35883650051994,132.82761374826768,-0.11692766521942288,-0.06814448945020102,,,,
HUMI,9,Persist,Ridge,137.35019308829817,63.48895973688496,-1.1633712956947742,0.011114839312772573,-2.6523046552483165,-0.4365496744664322,2.6341875596960715,0.016841950168628106
HUMI,9,Persist,RF,133.52379265512556,63.48895973688496,-1.1031025426859014,0.03866391312280382,,,,
HUMI,9,Persist,HGB,148.35883650051994,63.48895973688496,-1.3367659056843615,-0.06814448945020102,,,,
HUMI,10,Baseline,Ridge,134.67890180738087,140.16806670907096,0.03916130849605892,0.03083866335639629,-0.06627052703642486,0.12227269076947986,-0.6457197792766488,0.5266076586906778
HUMI,10,Baseline,RF,132.13629502984176,140.16806670907096,0.05730100919419634,0.04913548750635266,,,,
HUMI,10,Baseline,HGB,143.78703329657716,140.16806670907096,-0.025818766517038627,-0.034704259625111256,,,,
HUMI,10,DeptClim,Ridge,134.67890180738087,138.18910203688068,0.02540142585602001,0.03083866335639629,-0.05722450671564162,0.11105628327288046,-0.47452061235948706,0.6408346591631617
HUMI,10,DeptClim,RF,132.13629502984176,138.18910203688068,0.043800899765768175,0.04913548750635266,,,,
HUMI,10,DeptClim,HGB,143.78703329657716,138.18910203688068,-0.040509209316683004,-0.034704259625111256,,,,
HUMI,10,Persist,Ridge,134.67890180738087,40.7553018374249,-2.3045737790048095,0.03083866335639629,-3.626900648161657,-1.430308053236587,4.241643603878264,0.000490679689009843
HUMI,10,Persist,RF,132.13629502984176,40.7553018374249,-2.24218663762915,0.04913548750635266,,,,
HUMI,10,Persist,HGB,143.78703329657716,40.7553018374249,-2.528057131564168,-0.034704259625111256,,,,
HUMI,11,Baseline,Ridge,112.93016181315808,118.49551743105489,0.04696680295214495,0.0397825729504675,-0.07437937141492819,0.1458549124373977,-0.6729972675170761,0.5094979451200077
HUMI,11,Baseline,RF,108.75889077834405,118.49551743105489,0.0821687340061279,0.07524986597712702,,,,
HUMI,11,Baseline,HGB,118.03561215451728,118.49551743105489,0.003881204002549765,-0.003627817258837096,,,,
HUMI,11,DeptClim,Ridge,112.93016181315808,117.33325967057611,0.03752642575327858,0.0397825729504675,-0.05808978725431129,0.1328099917931618,-0.6252218911775411,0.53967172795863
HUMI,11,DeptClim,RF,108.75889077834405,117.33325967057611,0.07307705348257931,0.07524986597712702,,,,
HUMI,11,DeptClim,HGB,118.03561215451728,117.33325967057611,-0.00598596242798588,-0.003627817258837096,,,,
HUMI,11,Persist,Ridge,112.93016181315808,52.04763952595162,-1.1697460795863694,0.0397825729504675,-3.0067033568524932,-0.3749033315273365,2.3446211671493407,0.030715317315514357
HUMI,11,Persist,RF,108.75889077834405,52.04763952595162,-1.0896027518042484,0.07524986597712702,,,,
HUMI,11,Persist,HGB,118.03561215451728,52.04763952595162,-1.2678379505695587,-0.003627817258837096,,,,
HUMI,12,Baseline,Ridge,108.92300792858941,110.78551633687714,0.01681184030071403,0.0074867520149616285,-0.06520619561273672,0.1197624151165981,-0.2742382814523797,0.7870239760817994
HUMI,12,Baseline,RF,110.75597919280379,110.78551633687714,0.0002666155743998866,-0.00921539657150916,,,,
HUMI,12,Baseline,HGB,113.50428826136579,110.78551633687714,-0.024540860704402867,-0.03425816037301499,,,,
HUMI,12,DeptClim,Ridge,108.92300792858941,110.67465823102818,0.015827022467801766,0.0074867520149616285,-0.05629245103187154,0.10994340602015334,-0.3233749230771929,0.7501380218609199
HUMI,12,DeptClim,RF,110.75597919280379,110.67465823102818,-0.0007347749076023202,-0.00921539657150916,,,,
HUMI,12,DeptClim,HGB,113.50428826136579,110.67465823102818,-0.025567099782055625,-0.03425816037301499,,,,
HUMI,12,Persist,Ridge,108.92300792858941,58.48556507152375,-0.8623913062203332,0.0074867520149616285,-1.275416168081959,-0.5455378931053069,3.560771005340171,0.002233812310224126
HUMI,12,Persist,RF,110.75597919280379,58.48556507152375,-0.8937318816592947,-0.00921539657150916,,,,
HUMI,12,Persist,HGB,113.50428826136579,58.48556507152375,-0.9407231189877021,-0.03425816037301499,,,,
