Version,Variable,Month,Departamento,n,rho,p_raw,q_FDR,sig_FDR
avg,HUMI,3,VICHADA,3,1.0,0.0,0.0,True
avg,HUMI,4,VICHADA,3,1.0,0.0,0.0,True
avg,HUMI,5,VICHADA,3,-1.0,0.0,0.0,True
avg,HUMI,3,GUAVIARE,5,0.9746794344808963,0.004818230468198566,0.013250133787546055,True
avg,HUMI,2,CESAR,21,0.9282234981275013,1.3389331606330511e-09,4.418479430089069e-08,True
avg,HUMI,1,CAQUETA,20,0.8917293233082706,1.3029570145042387e-07,4.299758147863988e-06,True
avg,HUMI,1,MAGDALENA,20,0.8577880532124933,1.3328444932755505e-06,1.4661289426031055e-05,True
avg,HUMI,2,CASANARE,19,0.8491228070175438,4.2696917643518e-06,7.04499141118047e-05,True
avg,HUMI,1,CAUCA,21,0.8480519480519481,1.2038040858545719e-06,1.4661289426031055e-05,True
avg,HUMI,1,CASANARE,20,0.8330827067669173,5.123854828137097e-06,4.227180233213105e-05,True
avg,RAIN,1,HUILA,20,0.9263157894736842,4.6441397916991325e-09,1.4861247333437224e-07,True
avg,RAIN,1,SAN ANDRES PROVIDENCIA,13,0.9023392305243964,2.4445741031329683e-05,8.691819033361665e-05,True
avg,RAIN,1,SUCRE,21,0.898169610842365,3.293646549446911e-08,5.269834479115058e-07,True
avg,RAIN,1,ANTIOQUIA,21,0.8675324675324675,3.540621138626703e-07,3.776662547868483e-06,True
avg,RAIN,4,ARAUCA,9,0.8451956828432803,0.004116597419302816,0.026346223483538024,True
avg,RAIN,1,CHOCO,21,0.8272727272727272,3.7338564670140105e-06,2.9870851736112084e-05,True
avg,RAIN,12,ARAUCA,10,0.8216436866170587,0.003548303099646482,0.05854700114416696,False
avg,RAIN,1,CORDOBA,21,0.8179572595773004,5.916661405915654e-06,3.786663299786018e-05,True
avg,RAIN,6,VAUPES,6,-0.8116794499134278,0.04985758510134042,0.15218910046254533,False
avg,RAIN,1,BOGOTA,21,0.8045539091208156,1.0987333359155174e-05,5.0227809641852225e-05,True
avg,TEMP,3,VICHADA,3,1.0,0.0,0.0,True
avg,TEMP,4,GUAVIARE,4,1.0,0.0,0.0,True
avg,TEMP,4,VICHADA,3,1.0,0.0,0.0,True
avg,TEMP,6,VICHADA,3,1.0,0.0,0.0,True
avg,TEMP,10,VAUPES,5,1.0,0.0,0.0,True
avg,TEMP,12,VICHADA,3,-1.0,0.0,0.0,True
avg,TEMP,2,GUAVIARE,5,0.9999999999999999,1.4042654220543672e-24,4.6340758927794115e-23,True
avg,TEMP,1,RISARALDA,25,0.9798449612403101,1.3682038504597097e-17,4.515072706517042e-16,True
avg,TEMP,1,BOYACA,22,0.9774138904573689,5.68056764784103e-15,6.248624412625133e-14,True
avg,TEMP,2,RISARALDA,25,0.9767441860465117,6.986922691271849e-17,1.1528422440598551e-15,True
prim,HUMI,2,VAUPES,6,-0.9411764705882354,0.005088540606554024,0.015265621819662073,True
prim,HUMI,4,GUAINIA,14,0.9299917552777899,1.4599061881032084e-06,4.817690420740588e-05,True
prim,HUMI,5,GUAVIARE,5,0.8999999999999998,0.03738607346849875,0.11215822040549626,False
prim,HUMI,3,VICHADA,3,0.8660254037844387,0.3333333333333332,0.3793103448275861,False
prim,HUMI,4,VICHADA,3,0.8660254037844387,0.3333333333333332,0.43999999999999984,False
prim,HUMI,5,VICHADA,3,-0.8660254037844387,0.3333333333333332,0.43999999999999984,False
prim,HUMI,11,QUINDIO,20,-0.8465768161859271,2.5275562859589674e-06,8.340935743664593e-05,True
prim,HUMI,2,CASANARE,19,0.8456140350877193,5.126337694093511e-06,8.458457195254293e-05,True
prim,HUMI,1,MAGDALENA,20,0.8425426657653305,3.1434491735222316e-06,0.00010373382272623365,True
prim,HUMI,2,CESAR,21,0.8229945221326411,4.6280295804500935e-06,8.458457195254293e-05,True
prim,RAIN,8,VAUPES,4,-0.9486832980505139,0.05131670194948612,0.15022328028583784,False
prim,RAIN,9,VICHADA,4,-0.9486832980505139,0.05131670194948612,0.15395010584845836,False
prim,RAIN,1,HUILA,20,0.884876096998151,2.2058991276866765e-07,7.2794671213660326e-06,True
prim,RAIN,1,VICHADA,3,0.8660254037844387,0.3333333333333332,0.39285714285714274,False
prim,RAIN,7,VICHADA,3,0.8660254037844387,0.3333333333333332,0.6470588235294116,False
prim,RAIN,8,VICHADA,3,0.8660254037844387,0.3333333333333332,0.4583333333333332,False
prim,RAIN,12,GUAVIARE,8,-0.8485004317396408,0.007735269516053317,0.10851788783811338,False
prim,RAIN,4,ARAUCA,9,0.847579379526013,0.003908548083225188,0.017867648380458005,True
prim,RAIN,1,SUCRE,21,0.8268817007830391,3.8087584854188586e-06,6.284451500941117e-05,True
prim,RAIN,3,CORDOBA,21,0.8262130486393587,3.939893719382295e-06,0.00012607659902023343,True
prim,TEMP,1,VICHADA,3,1.0,0.0,0.0,True
prim,TEMP,3,VICHADA,3,1.0,0.0,0.0,True
prim,TEMP,4,VICHADA,3,1.0,0.0,0.0,True
prim,TEMP,6,VICHADA,3,1.0,0.0,0.0,True
prim,TEMP,12,VAUPES,6,1.0,0.0,0.0,True
prim,TEMP,12,VICHADA,3,-1.0,0.0,0.0,True
prim,TEMP,2,RISARALDA,25,0.9589147286821705,4.452848755767476e-14,1.4694400894032672e-12,True
prim,TEMP,1,TOLIMA,20,0.956390977443609,4.622988667749747e-11,3.813965650893541e-10,True
prim,TEMP,1,VALLE DEL CAUCA,23,0.949555360644969,4.786138513880631e-12,5.264752365268694e-11,True
prim,TEMP,1,RISARALDA,25,0.9465116279069768,8.703052116644408e-13,1.4360035992463272e-11,True
sec,HUMI,2,VICHADA,4,-1.0,0.0,0.0,True
sec,HUMI,8,VICHADA,3,-1.0,0.0,0.0,True
sec,HUMI,3,GUAVIARE,5,0.8999999999999998,0.03738607346849875,0.17624863206577984,False
sec,HUMI,2,ATLANTICO,19,0.8714349237332223,1.1861441809752595e-06,1.9571378986091783e-05,True
sec,HUMI,3,VICHADA,3,0.8660254037844387,0.3333333333333332,0.5238095238095236,False
sec,HUMI,4,VICHADA,3,-0.8660254037844387,0.3333333333333332,0.6118299381830421,False
sec,HUMI,5,VICHADA,3,-0.8660254037844387,0.3333333333333332,0.7690891414174608,False
sec,HUMI,1,ATLANTICO,19,0.7894736842105263,5.83869193095435e-05,0.0009633841686074678,True
sec,HUMI,1,CASANARE,20,0.78796992481203,3.699406473493858e-05,0.0009633841686074678,True
sec,HUMI,12,VAUPES,6,-0.7650368522374495,0.0763256359782481,0.3304717367319949,False
sec,RAIN,2,SAN ANDRES PROVIDENCIA,13,0.8999006928362342,2.786231853949756e-05,0.00038423002373096327,True
sec,RAIN,3,GUAVIARE,5,0.8947368421052632,0.040343130060753,0.1141810186373725,False
sec,RAIN,7,VICHADA,3,-0.8660254037844387,0.3333333333333332,0.6470588235294116,False
sec,RAIN,8,VICHADA,3,-0.8660254037844387,0.3333333333333332,0.6167980025025938,False
sec,RAIN,3,SUCRE,21,0.8136121538527511,7.270046385842726e-06,0.00023264148434696722,True
sec,RAIN,2,HUILA,20,0.7894552605785207,3.4930002157360295e-05,0.00038423002373096327,True
sec,RAIN,2,SUCRE,21,0.7836982219488167,2.6370253549559545e-05,0.00038423002373096327,True
sec,RAIN,12,GUAVIARE,8,0.7757718233048143,0.023657253473068383,0.19517234115281415,False
sec,RAIN,10,VICHADA,4,-0.7745966692414834,0.22540333075851657,0.40769133409772307,False
sec,RAIN,3,SAN ANDRES PROVIDENCIA,13,0.7581410804034471,0.00267162657879377,0.02137301263035016,True
sec,TEMP,1,GUAVIARE,6,1.0,0.0,0.0,True
sec,TEMP,3,VICHADA,3,1.0,0.0,0.0,True
sec,TEMP,4,GUAVIARE,4,1.0,0.0,0.0,True
sec,TEMP,4,VICHADA,3,1.0,0.0,0.0,True
sec,TEMP,1,RISARALDA,25,0.968217054263566,2.433907856714739e-15,4.0159479635793196e-14,True
sec,TEMP,1,NORTE DE SANTANDER,20,0.956390977443609,4.622988667749747e-11,3.051172520714833e-10,True
sec,TEMP,1,BOYACA,22,0.9559570863918693,4.131146750121671e-12,3.4081960688503784e-11,True
sec,TEMP,2,MAGDALENA,20,0.9533834586466164,8.33304572667919e-11,1.213088687689076e-09,True
sec,TEMP,2,NORTE DE SANTANDER,20,0.9518796992481202,1.1028078978991599e-10,1.213088687689076e-09,True
sec,TEMP,1,VALLE DEL CAUCA,23,0.9508278026867228,3.6807142835673584e-12,3.4081960688503784e-11,True
