Year,Model,RMSE,Month,Target,FeatureSet
2001,GlobalClim,2968.4726284711637,2,RAIN,SECONDARY_13_24
2001,DeptClim,1942.5148775561074,2,RAIN,SECONDARY_13_24
2001,Persist,865.2180855834304,2,RAIN,SECONDARY_13_24
2001,Ridge,3190.3953459455397,2,RAIN,SECONDARY_13_24
2001,RF,802.451611913256,2,RAIN,SECONDARY_13_24
2001,HGB,929.4267445003308,2,RAIN,SECONDARY_13_24
2002,GlobalClim,2220.547958033425,2,RAIN,SECONDARY_13_24
2002,DeptClim,1380.9800008491402,2,RAIN,SECONDARY_13_24
2002,Persist,639.374689263852,2,RAIN,SECONDARY_13_24
2002,Ridge,2837.9266126791704,2,RAIN,SECONDARY_13_24
2002,RF,1043.23873363069,2,RAIN,SECONDARY_13_24
2002,HGB,1179.2814898860668,2,RAIN,SECONDARY_13_24
2003,GlobalClim,14076.559898244881,2,RAIN,SECONDARY_13_24
2003,DeptClim,1508.139583401142,2,RAIN,SECONDARY_13_24
2003,Persist,3155.6307094532667,2,RAIN,SECONDARY_13_24
2003,Ridge,23152.647054135174,2,RAIN,SECONDARY_13_24
2003,RF,8911.930912296148,2,RAIN,SECONDARY_13_24
2003,HGB,23459.1218484289,2,RAIN,SECONDARY_13_24
2004,GlobalClim,9103.889107314459,2,RAIN,SECONDARY_13_24
2004,DeptClim,1600.9586771346,2,RAIN,SECONDARY_13_24
2004,Persist,3183.520898426753,2,RAIN,SECONDARY_13_24
2004,Ridge,15449.849951697259,2,RAIN,SECONDARY_13_24
2004,RF,5398.115541517597,2,RAIN,SECONDARY_13_24
2004,HGB,15634.313453076413,2,RAIN,SECONDARY_13_24
2005,GlobalClim,6030.18556042434,2,RAIN,SECONDARY_13_24
2005,DeptClim,4124.78911874515,2,RAIN,SECONDARY_13_24
2005,Persist,3039.2836586539925,2,RAIN,SECONDARY_13_24
2005,Ridge,9117.627669135747,2,RAIN,SECONDARY_13_24
2005,RF,3570.857210277822,2,RAIN,SECONDARY_13_24
2005,HGB,9197.803894907755,2,RAIN,SECONDARY_13_24
2006,GlobalClim,3408.8409773461462,2,RAIN,SECONDARY_13_24
2006,DeptClim,6236.414654674369,2,RAIN,SECONDARY_13_24
2006,Persist,3187.8557649718036,2,RAIN,SECONDARY_13_24
2006,Ridge,3143.2285907277815,2,RAIN,SECONDARY_13_24
2006,RF,2915.751787613637,2,RAIN,SECONDARY_13_24
2006,HGB,2048.537069283752,2,RAIN,SECONDARY_13_24
2007,GlobalClim,4463.522252385507,2,RAIN,SECONDARY_13_24
2007,DeptClim,7866.714337613177,2,RAIN,SECONDARY_13_24
2007,Persist,3604.2694344788165,2,RAIN,SECONDARY_13_24
2007,Ridge,2372.7819945067536,2,RAIN,SECONDARY_13_24
2007,RF,2119.1533507842896,2,RAIN,SECONDARY_13_24
2007,HGB,2052.5172614557246,2,RAIN,SECONDARY_13_24
2008,GlobalClim,4899.129204838234,2,RAIN,SECONDARY_13_24
2008,DeptClim,8613.679593052728,2,RAIN,SECONDARY_13_24
2008,Persist,3905.7179802214782,2,RAIN,SECONDARY_13_24
2008,Ridge,2892.8653155677343,2,RAIN,SECONDARY_13_24
2008,RF,2388.812107698615,2,RAIN,SECONDARY_13_24
2008,HGB,2747.8420022060354,2,RAIN,SECONDARY_13_24
2009,GlobalClim,4786.219834266472,2,RAIN,SECONDARY_13_24
2009,DeptClim,8193.793079990965,2,RAIN,SECONDARY_13_24
2009,Persist,3574.1659702077495,2,RAIN,SECONDARY_13_24
2009,Ridge,2011.3962806695577,2,RAIN,SECONDARY_13_24
2009,RF,1496.0116268738007,2,RAIN,SECONDARY_13_24
2009,HGB,4774.346418237748,2,RAIN,SECONDARY_13_24
2010,GlobalClim,5037.323036857588,2,RAIN,SECONDARY_13_24
2010,DeptClim,8471.508643381214,2,RAIN,SECONDARY_13_24
2010,Persist,3682.6659964839087,2,RAIN,SECONDARY_13_24
2010,Ridge,2079.829238148585,2,RAIN,SECONDARY_13_24
2010,RF,2540.4231105624617,2,RAIN,SECONDARY_13_24
2010,HGB,2138.020592937066,2,RAIN,SECONDARY_13_24
2011,GlobalClim,3972.997570194123,2,RAIN,SECONDARY_13_24
2011,DeptClim,7241.97174971312,2,RAIN,SECONDARY_13_24
2011,Persist,3802.1873339283115,2,RAIN,SECONDARY_13_24
2011,Ridge,1473.1002538275259,2,RAIN,SECONDARY_13_24
2011,RF,3808.223299942491,2,RAIN,SECONDARY_13_24
2011,HGB,1515.6677448973255,2,RAIN,SECONDARY_13_24
2012,GlobalClim,15049.540270767975,2,RAIN,SECONDARY_13_24
2012,DeptClim,16533.567744920183,2,RAIN,SECONDARY_13_24
2012,Persist,17214.616258144437,2,RAIN,SECONDARY_13_24
2012,Ridge,15100.799632253556,2,RAIN,SECONDARY_13_24
2012,RF,15028.740132145578,2,RAIN,SECONDARY_13_24
2012,HGB,15097.209315453749,2,RAIN,SECONDARY_13_24
2013,GlobalClim,4008.8451377900137,2,RAIN,SECONDARY_13_24
2013,DeptClim,7316.730568615351,2,RAIN,SECONDARY_13_24
2013,Persist,3980.908267985886,2,RAIN,SECONDARY_13_24
2013,Ridge,1465.9577477418495,2,RAIN,SECONDARY_13_24
2013,RF,1629.573049842071,2,RAIN,SECONDARY_13_24
2013,HGB,1194.835915758283,2,RAIN,SECONDARY_13_24
2014,GlobalClim,4524.077943977077,2,RAIN,SECONDARY_13_24
2014,DeptClim,7839.241857484052,2,RAIN,SECONDARY_13_24
2014,Persist,4582.200531071165,2,RAIN,SECONDARY_13_24
2014,Ridge,1568.7856076194905,2,RAIN,SECONDARY_13_24
2014,RF,2234.323427822704,2,RAIN,SECONDARY_13_24
2014,HGB,1753.9806582415997,2,RAIN,SECONDARY_13_24
2015,GlobalClim,5393.280042533795,2,RAIN,SECONDARY_13_24
2015,DeptClim,8807.185768407191,2,RAIN,SECONDARY_13_24
2015,Persist,5642.468339360456,2,RAIN,SECONDARY_13_24
2015,Ridge,1839.6529213842841,2,RAIN,SECONDARY_13_24
2015,RF,1696.8678587184563,2,RAIN,SECONDARY_13_24
2015,HGB,2577.998254217229,2,RAIN,SECONDARY_13_24
2016,GlobalClim,5956.654798921213,2,RAIN,SECONDARY_13_24
2016,DeptClim,9371.219465590797,2,RAIN,SECONDARY_13_24
2016,Persist,5221.343344878741,2,RAIN,SECONDARY_13_24
2016,Ridge,2188.8462641246647,2,RAIN,SECONDARY_13_24
2016,RF,1721.0721615166608,2,RAIN,SECONDARY_13_24
2016,HGB,3025.3747623547,2,RAIN,SECONDARY_13_24
2017,GlobalClim,6039.924716164544,2,RAIN,SECONDARY_13_24
2017,DeptClim,9396.517747498134,2,RAIN,SECONDARY_13_24
2017,Persist,5392.351217088913,2,RAIN,SECONDARY_13_24
2017,Ridge,2352.8214153839313,2,RAIN,SECONDARY_13_24
2017,RF,1323.2578248968302,2,RAIN,SECONDARY_13_24
2017,HGB,3233.159609522481,2,RAIN,SECONDARY_13_24
2018,GlobalClim,8172.952995123638,2,RAIN,SECONDARY_13_24
2018,DeptClim,11200.88153929875,2,RAIN,SECONDARY_13_24
2018,Persist,7031.383986708524,2,RAIN,SECONDARY_13_24
2018,Ridge,5825.925001403049,2,RAIN,SECONDARY_13_24
2018,RF,5910.862572066403,2,RAIN,SECONDARY_13_24
2018,HGB,5539.474560153462,2,RAIN,SECONDARY_13_24
2019,GlobalClim,51405.90014291004,2,RAIN,SECONDARY_13_24
2019,DeptClim,50090.79670360285,2,RAIN,SECONDARY_13_24
2019,Persist,4771.479598791245,2,RAIN,SECONDARY_13_24
2019,Ridge,42400.11194012099,2,RAIN,SECONDARY_13_24
2019,RF,45495.481189537706,2,RAIN,SECONDARY_13_24
2019,HGB,48462.14779813377,2,RAIN,SECONDARY_13_24
2020,GlobalClim,10655.08347343513,2,RAIN,SECONDARY_13_24
2020,DeptClim,7639.245741665123,2,RAIN,SECONDARY_13_24
2020,Persist,24073.596391672203,2,RAIN,SECONDARY_13_24
2020,Ridge,53818.13742087664,2,RAIN,SECONDARY_13_24
2020,RF,15214.183290959123,2,RAIN,SECONDARY_13_24
2020,HGB,3122.369106501485,2,RAIN,SECONDARY_13_24
2021,GlobalClim,6407.208647220505,2,RAIN,SECONDARY_13_24
2021,DeptClim,9263.988694026657,2,RAIN,SECONDARY_13_24
2021,Persist,5834.424890563164,2,RAIN,SECONDARY_13_24
2021,Ridge,3344.3555906153683,2,RAIN,SECONDARY_13_24
2021,RF,5314.762187131764,2,RAIN,SECONDARY_13_24
2021,HGB,5826.209149902058,2,RAIN,SECONDARY_13_24
2022,GlobalClim,6545.224735580397,2,RAIN,SECONDARY_13_24
2022,DeptClim,9896.291029787224,2,RAIN,SECONDARY_13_24
2022,Persist,6870.269461972199,2,RAIN,SECONDARY_13_24
2022,Ridge,3520.123028010954,2,RAIN,SECONDARY_13_24
2022,RF,1805.9171785538022,2,RAIN,SECONDARY_13_24
2022,HGB,3986.657913158378,2,RAIN,SECONDARY_13_24
2023,GlobalClim,7380.120480673085,2,RAIN,SECONDARY_13_24
2023,DeptClim,10582.40763522133,2,RAIN,SECONDARY_13_24
2023,Persist,7568.803183830183,2,RAIN,SECONDARY_13_24
2023,Ridge,4271.879171711212,2,RAIN,SECONDARY_13_24
2023,RF,3624.064507456909,2,RAIN,SECONDARY_13_24
2023,HGB,4578.232674351003,2,RAIN,SECONDARY_13_24
2024,GlobalClim,8267.851291100405,2,RAIN,SECONDARY_13_24
2024,DeptClim,11792.095062275648,2,RAIN,SECONDARY_13_24
2024,Persist,8686.806312609056,2,RAIN,SECONDARY_13_24
2024,Ridge,4889.831877095688,2,RAIN,SECONDARY_13_24
2024,RF,3967.4034909285874,2,RAIN,SECONDARY_13_24
2024,HGB,5927.159279519044,2,RAIN,SECONDARY_13_24
2025,GlobalClim,9572.249292210137,2,RAIN,SECONDARY_13_24
2025,DeptClim,12969.547161072996,2,RAIN,SECONDARY_13_24
2025,Persist,11785.648296569876,2,RAIN,SECONDARY_13_24
2025,Ridge,7484.970354514618,2,RAIN,SECONDARY_13_24
2025,RF,10498.4915216842,2,RAIN,SECONDARY_13_24
2025,HGB,8313.342541058724,2,RAIN,SECONDARY_13_24
2001,GlobalClim,2578.9886625543263,3,RAIN,SECONDARY_13_24
2001,DeptClim,1909.8294079326342,3,RAIN,SECONDARY_13_24
2001,Persist,533.9200740500673,3,RAIN,SECONDARY_13_24
2001,Ridge,2112.620832271514,3,RAIN,SECONDARY_13_24
2001,RF,443.84308623008485,3,RAIN,SECONDARY_13_24
2001,HGB,773.8253273603582,3,RAIN,SECONDARY_13_24
2002,GlobalClim,1892.1644681584544,3,RAIN,SECONDARY_13_24
2002,DeptClim,1397.9818744567854,3,RAIN,SECONDARY_13_24
2002,Persist,1595.8340758848208,3,RAIN,SECONDARY_13_24
2002,Ridge,1694.5469935833457,3,RAIN,SECONDARY_13_24
2002,RF,1849.6091286265503,3,RAIN,SECONDARY_13_24
2002,HGB,1541.0143810193497,3,RAIN,SECONDARY_13_24
2003,GlobalClim,10678.065030432404,3,RAIN,SECONDARY_13_24
2003,DeptClim,18296.185621453355,3,RAIN,SECONDARY_13_24
2003,Persist,27540.530477899523,3,RAIN,SECONDARY_13_24
2003,Ridge,6660.712563206947,3,RAIN,SECONDARY_13_24
2003,RF,3330.589804763545,3,RAIN,SECONDARY_13_24
2003,HGB,6355.970570280012,3,RAIN,SECONDARY_13_24
2004,GlobalClim,6016.666714802389,3,RAIN,SECONDARY_13_24
2004,DeptClim,2398.192159995905,3,RAIN,SECONDARY_13_24
2004,Persist,6306.742301196466,3,RAIN,SECONDARY_13_24
2004,Ridge,7695.389308505891,3,RAIN,SECONDARY_13_24
2004,RF,4538.354352611171,3,RAIN,SECONDARY_13_24
2004,HGB,7608.9053749263885,3,RAIN,SECONDARY_13_24
2005,GlobalClim,4760.4082195616775,3,RAIN,SECONDARY_13_24
2005,DeptClim,4396.762404614607,3,RAIN,SECONDARY_13_24
2005,Persist,4567.466929411144,3,RAIN,SECONDARY_13_24
2005,Ridge,4875.199099781191,3,RAIN,SECONDARY_13_24
2005,RF,4979.921070712497,3,RAIN,SECONDARY_13_24
2005,HGB,4846.087699332578,3,RAIN,SECONDARY_13_24
2006,GlobalClim,3497.403111292608,3,RAIN,SECONDARY_13_24
2006,DeptClim,5173.0576007537975,3,RAIN,SECONDARY_13_24
2006,Persist,3295.00156471238,3,RAIN,SECONDARY_13_24
2006,Ridge,2779.651800503801,3,RAIN,SECONDARY_13_24
2006,RF,2615.6377617210774,3,RAIN,SECONDARY_13_24
2006,HGB,2707.6320195712838,3,RAIN,SECONDARY_13_24
2007,GlobalClim,3861.7594778640673,3,RAIN,SECONDARY_13_24
2007,DeptClim,5763.541685045174,3,RAIN,SECONDARY_13_24
2007,Persist,3059.8041881044696,3,RAIN,SECONDARY_13_24
2007,Ridge,2651.2411788775416,3,RAIN,SECONDARY_13_24
2007,RF,2399.191412150782,3,RAIN,SECONDARY_13_24
2007,HGB,4104.057171113277,3,RAIN,SECONDARY_13_24
2008,GlobalClim,3764.781260422914,3,RAIN,SECONDARY_13_24
2008,DeptClim,5777.8199495813005,3,RAIN,SECONDARY_13_24
2008,Persist,3686.703159890542,3,RAIN,SECONDARY_13_24
2008,Ridge,2178.5804177703667,3,RAIN,SECONDARY_13_24
2008,RF,1377.0954558142341,3,RAIN,SECONDARY_13_24
2008,HGB,3042.928413030405,3,RAIN,SECONDARY_13_24
2009,GlobalClim,4343.870507027622,3,RAIN,SECONDARY_13_24
2009,DeptClim,6306.811909087137,3,RAIN,SECONDARY_13_24
2009,Persist,3090.144228311137,3,RAIN,SECONDARY_13_24
2009,Ridge,2690.5809234265253,3,RAIN,SECONDARY_13_24
2009,RF,2374.7332728920214,3,RAIN,SECONDARY_13_24
2009,HGB,2858.566477725909,3,RAIN,SECONDARY_13_24
2010,GlobalClim,3806.296065034468,3,RAIN,SECONDARY_13_24
2010,DeptClim,5656.748224616174,3,RAIN,SECONDARY_13_24
2010,Persist,2406.4663244819744,3,RAIN,SECONDARY_13_24
2010,Ridge,2226.7010470510118,3,RAIN,SECONDARY_13_24
2010,RF,2362.4566450858733,3,RAIN,SECONDARY_13_24
2010,HGB,2247.9572464676767,3,RAIN,SECONDARY_13_24
2011,GlobalClim,3980.995034899672,3,RAIN,SECONDARY_13_24
2011,DeptClim,3513.5180126974756,3,RAIN,SECONDARY_13_24
2011,Persist,2759.377490698992,3,RAIN,SECONDARY_13_24
2011,Ridge,4128.984911746193,3,RAIN,SECONDARY_13_24
2011,RF,1724.9026049266204,3,RAIN,SECONDARY_13_24
2011,HGB,3016.826681808494,3,RAIN,SECONDARY_13_24
2012,GlobalClim,14900.996319632106,3,RAIN,SECONDARY_13_24
2012,DeptClim,15645.928541480553,3,RAIN,SECONDARY_13_24
2012,Persist,3839.126816553628,3,RAIN,SECONDARY_13_24
2012,Ridge,15002.921740945909,3,RAIN,SECONDARY_13_24
2012,RF,15571.794143883257,3,RAIN,SECONDARY_13_24
2012,HGB,14882.527486245337,3,RAIN,SECONDARY_13_24
2013,GlobalClim,4401.482001642315,3,RAIN,SECONDARY_13_24
2013,DeptClim,3754.0535094089887,3,RAIN,SECONDARY_13_24
2013,Persist,3349.985938642969,3,RAIN,SECONDARY_13_24
2013,Ridge,4507.929577908936,3,RAIN,SECONDARY_13_24
2013,RF,1952.2261534711988,3,RAIN,SECONDARY_13_24
2013,HGB,4498.609808770874,3,RAIN,SECONDARY_13_24
2014,GlobalClim,4622.649049376407,3,RAIN,SECONDARY_13_24
2014,DeptClim,4263.862181637056,3,RAIN,SECONDARY_13_24
2014,Persist,3317.2827687293943,3,RAIN,SECONDARY_13_24
2014,Ridge,4710.955204583665,3,RAIN,SECONDARY_13_24
2014,RF,3438.0199650249806,3,RAIN,SECONDARY_13_24
2014,HGB,3264.0794773486814,3,RAIN,SECONDARY_13_24
2015,GlobalClim,3704.7860798711076,3,RAIN,SECONDARY_13_24
2015,DeptClim,3998.8873489327725,3,RAIN,SECONDARY_13_24
2015,Persist,2870.4450658801998,3,RAIN,SECONDARY_13_24
2015,Ridge,3289.8720912574927,3,RAIN,SECONDARY_13_24
2015,RF,1390.9659343702824,3,RAIN,SECONDARY_13_24
2015,HGB,2659.6749723247335,3,RAIN,SECONDARY_13_24
2016,GlobalClim,4377.910557009982,3,RAIN,SECONDARY_13_24
2016,DeptClim,6307.218328508562,3,RAIN,SECONDARY_13_24
2016,Persist,3278.8341581605937,3,RAIN,SECONDARY_13_24
2016,Ridge,2336.3959872765727,3,RAIN,SECONDARY_13_24
2016,RF,1574.720710816269,3,RAIN,SECONDARY_13_24
2016,HGB,2674.8559344678765,3,RAIN,SECONDARY_13_24
2017,GlobalClim,3279.6668007059975,3,RAIN,SECONDARY_13_24
2017,DeptClim,5162.905318127233,3,RAIN,SECONDARY_13_24
2017,Persist,2440.650872522563,3,RAIN,SECONDARY_13_24
2017,Ridge,1873.9265916943634,3,RAIN,SECONDARY_13_24
2017,RF,1209.5765753255544,3,RAIN,SECONDARY_13_24
2017,HGB,2527.478363636858,3,RAIN,SECONDARY_13_24
2018,GlobalClim,5394.057689547199,3,RAIN,SECONDARY_13_24
2018,DeptClim,7088.277451521614,3,RAIN,SECONDARY_13_24
2018,Persist,4100.273453735913,3,RAIN,SECONDARY_13_24
2018,Ridge,4589.732506890641,3,RAIN,SECONDARY_13_24
2018,RF,4241.933595401276,3,RAIN,SECONDARY_13_24
2018,HGB,4561.139384595801,3,RAIN,SECONDARY_13_24
2019,GlobalClim,10766.602718238006,3,RAIN,SECONDARY_13_24
2019,DeptClim,9223.654623467071,3,RAIN,SECONDARY_13_24
2019,Persist,42831.09658817381,3,RAIN,SECONDARY_13_24
2019,Ridge,7713.944509193336,3,RAIN,SECONDARY_13_24
2019,RF,8506.048332048642,3,RAIN,SECONDARY_13_24
2019,HGB,9874.199767294389,3,RAIN,SECONDARY_13_24
2020,GlobalClim,4352.169798687107,3,RAIN,SECONDARY_13_24
2020,DeptClim,3298.2905731413175,3,RAIN,SECONDARY_13_24
2020,Persist,12893.032465411436,3,RAIN,SECONDARY_13_24
2020,Ridge,9309.311479539305,3,RAIN,SECONDARY_13_24
2020,RF,4274.8719195820595,3,RAIN,SECONDARY_13_24
2020,HGB,5206.371759348796,3,RAIN,SECONDARY_13_24
2021,GlobalClim,6804.451538120981,3,RAIN,SECONDARY_13_24
2021,DeptClim,7077.673792776793,3,RAIN,SECONDARY_13_24
2021,Persist,4749.883114955358,3,RAIN,SECONDARY_13_24
2021,Ridge,6777.779005108975,3,RAIN,SECONDARY_13_24
2021,RF,6211.364695801923,3,RAIN,SECONDARY_13_24
2021,HGB,6500.607031014733,3,RAIN,SECONDARY_13_24
2022,GlobalClim,5836.311546252374,3,RAIN,SECONDARY_13_24
2022,DeptClim,7721.225995658907,3,RAIN,SECONDARY_13_24
2022,Persist,7235.992154711442,3,RAIN,SECONDARY_13_24
2022,Ridge,4374.283721049904,3,RAIN,SECONDARY_13_24
2022,RF,3933.278095040963,3,RAIN,SECONDARY_13_24
2022,HGB,4858.537926263008,3,RAIN,SECONDARY_13_24
2023,GlobalClim,3761.625809186564,3,RAIN,SECONDARY_13_24
2023,DeptClim,4984.195319875196,3,RAIN,SECONDARY_13_24
2023,Persist,3719.3424358699544,3,RAIN,SECONDARY_13_24
2023,Ridge,2157.239692148979,3,RAIN,SECONDARY_13_24
2023,RF,1206.1167220317952,3,RAIN,SECONDARY_13_24
2023,HGB,2282.353027391945,3,RAIN,SECONDARY_13_24
2024,GlobalClim,5122.913316827449,3,RAIN,SECONDARY_13_24
2024,DeptClim,6440.471105598962,3,RAIN,SECONDARY_13_24
2024,Persist,4255.859056413081,3,RAIN,SECONDARY_13_24
2024,Ridge,3018.034533524068,3,RAIN,SECONDARY_13_24
2024,RF,2623.025221439855,3,RAIN,SECONDARY_13_24
2024,HGB,3256.563231841366,3,RAIN,SECONDARY_13_24
2025,GlobalClim,5995.1169527590955,3,RAIN,SECONDARY_13_24
2025,DeptClim,7742.863722793064,3,RAIN,SECONDARY_13_24
2025,Persist,5061.369616339869,3,RAIN,SECONDARY_13_24
2025,Ridge,4394.36393335493,3,RAIN,SECONDARY_13_24
2025,RF,4377.763990909861,3,RAIN,SECONDARY_13_24
2025,HGB,5956.135267746215,3,RAIN,SECONDARY_13_24
2001,GlobalClim,2460.7654720909413,4,RAIN,SECONDARY_13_24
2001,DeptClim,1802.1088929873063,4,RAIN,SECONDARY_13_24
2001,Persist,477.46879963579346,4,RAIN,SECONDARY_13_24
2001,Ridge,2362.4506381646524,4,RAIN,SECONDARY_13_24
2001,RF,633.2178017785761,4,RAIN,SECONDARY_13_24
2001,HGB,1812.3881440459736,4,RAIN,SECONDARY_13_24
2002,GlobalClim,1838.961584013074,4,RAIN,SECONDARY_13_24
2002,DeptClim,1486.9768865442868,4,RAIN,SECONDARY_13_24
2002,Persist,477.2872378089464,4,RAIN,SECONDARY_13_24
2002,Ridge,2412.10059942356,4,RAIN,SECONDARY_13_24
2002,RF,941.2943585400945,4,RAIN,SECONDARY_13_24
2002,HGB,1853.3353167396194,4,RAIN,SECONDARY_13_24
2003,GlobalClim,8151.800862744395,4,RAIN,SECONDARY_13_24
2003,DeptClim,14788.36016467279,4,RAIN,SECONDARY_13_24
2003,Persist,9357.954716069133,4,RAIN,SECONDARY_13_24
2003,Ridge,3503.4957649636144,4,RAIN,SECONDARY_13_24
2003,RF,595.0560270519463,4,RAIN,SECONDARY_13_24
2003,HGB,6558.489653671542,4,RAIN,SECONDARY_13_24
2004,GlobalClim,10171.346357918586,4,RAIN,SECONDARY_13_24
2004,DeptClim,6266.256279299262,4,RAIN,SECONDARY_13_24
2004,Persist,2335.2595017980207,4,RAIN,SECONDARY_13_24
2004,Ridge,12302.254094735727,4,RAIN,SECONDARY_13_24
2004,RF,6691.897005859831,4,RAIN,SECONDARY_13_24
2004,HGB,8995.565656660014,4,RAIN,SECONDARY_13_24
2005,GlobalClim,5426.794112797348,4,RAIN,SECONDARY_13_24
2005,DeptClim,3336.4066331991453,4,RAIN,SECONDARY_13_24
2005,Persist,1574.1654909479105,4,RAIN,SECONDARY_13_24
2005,Ridge,6361.120370417903,4,RAIN,SECONDARY_13_24
2005,RF,3476.655982874398,4,RAIN,SECONDARY_13_24
2005,HGB,4658.517343961468,4,RAIN,SECONDARY_13_24
2006,GlobalClim,2522.5786663704594,4,RAIN,SECONDARY_13_24
2006,DeptClim,2949.502998932636,4,RAIN,SECONDARY_13_24
2006,Persist,2995.9268324726886,4,RAIN,SECONDARY_13_24
2006,Ridge,2663.882208792766,4,RAIN,SECONDARY_13_24
2006,RF,3307.5817955321204,4,RAIN,SECONDARY_13_24
2006,HGB,2617.080729967692,4,RAIN,SECONDARY_13_24
2007,GlobalClim,3543.74452526704,4,RAIN,SECONDARY_13_24
2007,DeptClim,4874.9956662802415,4,RAIN,SECONDARY_13_24
2007,Persist,3403.8667008545526,4,RAIN,SECONDARY_13_24
2007,Ridge,2475.5322994184876,4,RAIN,SECONDARY_13_24
2007,RF,2034.2748122237822,4,RAIN,SECONDARY_13_24
2007,HGB,2677.15478910301,4,RAIN,SECONDARY_13_24
2008,GlobalClim,2997.200780568631,4,RAIN,SECONDARY_13_24
2008,DeptClim,4442.737886030403,4,RAIN,SECONDARY_13_24
2008,Persist,2892.5584688868826,4,RAIN,SECONDARY_13_24
2008,Ridge,1805.0886471708072,4,RAIN,SECONDARY_13_24
2008,RF,1211.5536602429631,4,RAIN,SECONDARY_13_24
2008,HGB,2104.687731192156,4,RAIN,SECONDARY_13_24
2009,GlobalClim,3660.15000228317,4,RAIN,SECONDARY_13_24
2009,DeptClim,5227.479574913527,4,RAIN,SECONDARY_13_24
2009,Persist,2652.129195322719,4,RAIN,SECONDARY_13_24
2009,Ridge,1814.902050048026,4,RAIN,SECONDARY_13_24
2009,RF,1928.2998028268532,4,RAIN,SECONDARY_13_24
2009,HGB,2745.908162766809,4,RAIN,SECONDARY_13_24
2010,GlobalClim,2888.917154339181,4,RAIN,SECONDARY_13_24
2010,DeptClim,4445.723499367212,4,RAIN,SECONDARY_13_24
2010,Persist,2449.241681336496,4,RAIN,SECONDARY_13_24
2010,Ridge,1136.9122326191045,4,RAIN,SECONDARY_13_24
2010,RF,942.1852153584433,4,RAIN,SECONDARY_13_24
2010,HGB,1612.9069488450075,4,RAIN,SECONDARY_13_24
2011,GlobalClim,2527.988484607882,4,RAIN,SECONDARY_13_24
2011,DeptClim,4168.594479100926,4,RAIN,SECONDARY_13_24
2011,Persist,6668.1785040790855,4,RAIN,SECONDARY_13_24
2011,Ridge,891.924329646875,4,RAIN,SECONDARY_13_24
2011,RF,873.0208754863239,4,RAIN,SECONDARY_13_24
2011,HGB,1304.4604130749901,4,RAIN,SECONDARY_13_24
2012,GlobalClim,2654.6947692119347,4,RAIN,SECONDARY_13_24
2012,DeptClim,4384.3332417043475,4,RAIN,SECONDARY_13_24
2012,Persist,15210.61999575879,4,RAIN,SECONDARY_13_24
2012,Ridge,1254.239167259168,4,RAIN,SECONDARY_13_24
2012,RF,799.3659101156978,4,RAIN,SECONDARY_13_24
2012,HGB,1698.8141690525263,4,RAIN,SECONDARY_13_24
2013,GlobalClim,4511.36943076027,4,RAIN,SECONDARY_13_24
2013,DeptClim,3974.9908968107898,4,RAIN,SECONDARY_13_24
2013,Persist,2641.8627406503197,4,RAIN,SECONDARY_13_24
2013,Ridge,4965.078793359069,4,RAIN,SECONDARY_13_24
2013,RF,4311.808847795874,4,RAIN,SECONDARY_13_24
2013,HGB,4442.336575760574,4,RAIN,SECONDARY_13_24
2014,GlobalClim,3328.2361283445,4,RAIN,SECONDARY_13_24
2014,DeptClim,4967.406565346921,4,RAIN,SECONDARY_13_24
2014,Persist,7135.037158027875,4,RAIN,SECONDARY_13_24
2014,Ridge,1595.1643332672631,4,RAIN,SECONDARY_13_24
2014,RF,1778.5013269989524,4,RAIN,SECONDARY_13_24
2014,HGB,1850.7204401131764,4,RAIN,SECONDARY_13_24
2015,GlobalClim,3573.3282731257073,4,RAIN,SECONDARY_13_24
2015,DeptClim,5170.360911020598,4,RAIN,SECONDARY_13_24
2015,Persist,5869.946267881969,4,RAIN,SECONDARY_13_24
2015,Ridge,1817.4799217038785,4,RAIN,SECONDARY_13_24
2015,RF,1399.837985699538,4,RAIN,SECONDARY_13_24
2015,HGB,2878.7060795897273,4,RAIN,SECONDARY_13_24
2016,GlobalClim,4098.5266087505215,4,RAIN,SECONDARY_13_24
2016,DeptClim,5984.292717764656,4,RAIN,SECONDARY_13_24
2016,Persist,3205.4569168649964,4,RAIN,SECONDARY_13_24
2016,Ridge,2254.538205531914,4,RAIN,SECONDARY_13_24
2016,RF,2209.311535536104,4,RAIN,SECONDARY_13_24
2016,HGB,2886.9974258270977,4,RAIN,SECONDARY_13_24
2017,GlobalClim,4171.443335142799,4,RAIN,SECONDARY_13_24
2017,DeptClim,6100.663896304839,4,RAIN,SECONDARY_13_24
2017,Persist,4473.767669512302,4,RAIN,SECONDARY_13_24
2017,Ridge,2476.4438389992793,4,RAIN,SECONDARY_13_24
2017,RF,2395.4560156841253,4,RAIN,SECONDARY_13_24
2017,HGB,3254.962238099363,4,RAIN,SECONDARY_13_24
2018,GlobalClim,5866.817829921402,4,RAIN,SECONDARY_13_24
2018,DeptClim,7519.8233375116715,4,RAIN,SECONDARY_13_24
2018,Persist,4255.096628892226,4,RAIN,SECONDARY_13_24
2018,Ridge,5336.489482147598,4,RAIN,SECONDARY_13_24
2018,RF,4711.278942675322,4,RAIN,SECONDARY_13_24
2018,HGB,5200.8598035657305,4,RAIN,SECONDARY_13_24
2019,GlobalClim,3910.939478766276,4,RAIN,SECONDARY_13_24
2019,DeptClim,4543.901118155428,4,RAIN,SECONDARY_13_24
2019,Persist,14056.551796798265,4,RAIN,SECONDARY_13_24
2019,Ridge,20195.608852590238,4,RAIN,SECONDARY_13_24
2019,RF,8298.629971817723,4,RAIN,SECONDARY_13_24
2019,HGB,7052.079257735748,4,RAIN,SECONDARY_13_24
2020,GlobalClim,19854.70209904499,4,RAIN,SECONDARY_13_24
2020,DeptClim,18942.947120618366,4,RAIN,SECONDARY_13_24
2020,Persist,16393.917529359565,4,RAIN,SECONDARY_13_24
2020,Ridge,19527.144182884585,4,RAIN,SECONDARY_13_24
2020,RF,19275.590122097597,4,RAIN,SECONDARY_13_24
2020,HGB,19379.216588948664,4,RAIN,SECONDARY_13_24
2021,GlobalClim,3512.1310827414527,4,RAIN,SECONDARY_13_24
2021,DeptClim,4934.148700265908,4,RAIN,SECONDARY_13_24
2021,Persist,9799.360475599982,4,RAIN,SECONDARY_13_24
2021,Ridge,1871.9019902509665,4,RAIN,SECONDARY_13_24
2021,RF,2331.0101980691115,4,RAIN,SECONDARY_13_24
2021,HGB,3436.9694114232857,4,RAIN,SECONDARY_13_24
2022,GlobalClim,3328.7076331974336,4,RAIN,SECONDARY_13_24
2022,DeptClim,4599.150183613887,4,RAIN,SECONDARY_13_24
2022,Persist,3177.7720266312367,4,RAIN,SECONDARY_13_24
2022,Ridge,2369.7840991680255,4,RAIN,SECONDARY_13_24
2022,RF,2318.2869294601373,4,RAIN,SECONDARY_13_24
2022,HGB,2930.644646946968,4,RAIN,SECONDARY_13_24
2023,GlobalClim,4493.654595015877,4,RAIN,SECONDARY_13_24
2023,DeptClim,5606.209656099696,4,RAIN,SECONDARY_13_24
2023,Persist,5544.004199146215,4,RAIN,SECONDARY_13_24
2023,Ridge,2536.329454746594,4,RAIN,SECONDARY_13_24
2023,RF,2177.914075310224,4,RAIN,SECONDARY_13_24
2023,HGB,4066.434080068634,4,RAIN,SECONDARY_13_24
2024,GlobalClim,5028.612524469636,4,RAIN,SECONDARY_13_24
2024,DeptClim,6503.308477944062,4,RAIN,SECONDARY_13_24
2024,Persist,6796.236628214511,4,RAIN,SECONDARY_13_24
2024,Ridge,2913.058183881539,4,RAIN,SECONDARY_13_24
2024,RF,3305.4306867931864,4,RAIN,SECONDARY_13_24
2024,HGB,4140.855003481025,4,RAIN,SECONDARY_13_24
2001,GlobalClim,2858.4285699750726,5,RAIN,SECONDARY_13_24
2001,DeptClim,1829.7934841725078,5,RAIN,SECONDARY_13_24
2001,Persist,909.8602322801889,5,RAIN,SECONDARY_13_24
2001,Ridge,3573.676407260156,5,RAIN,SECONDARY_13_24
2001,RF,653.4021196339036,5,RAIN,SECONDARY_13_24
2001,HGB,1805.9297441982362,5,RAIN,SECONDARY_13_24
2002,GlobalClim,2201.7544650841455,5,RAIN,SECONDARY_13_24
2002,DeptClim,1542.50529441074,5,RAIN,SECONDARY_13_24
2002,Persist,867.4276745495991,5,RAIN,SECONDARY_13_24
2002,Ridge,3110.1597256266136,5,RAIN,SECONDARY_13_24
2002,RF,1071.120218044778,5,RAIN,SECONDARY_13_24
2002,HGB,1681.6258887991926,5,RAIN,SECONDARY_13_24
2003,GlobalClim,14659.44045805116,5,RAIN,SECONDARY_13_24
2003,DeptClim,4247.186142598417,5,RAIN,SECONDARY_13_24
2003,Persist,16558.559664339253,5,RAIN,SECONDARY_13_24
2003,Ridge,20782.877493016782,5,RAIN,SECONDARY_13_24
2003,RF,7608.728636010939,5,RAIN,SECONDARY_13_24
2003,HGB,11951.68546144719,5,RAIN,SECONDARY_13_24
2004,GlobalClim,9689.792022118245,5,RAIN,SECONDARY_13_24
2004,DeptClim,3268.7253539240146,5,RAIN,SECONDARY_13_24
2004,Persist,2649.116526455397,5,RAIN,SECONDARY_13_24
2004,Ridge,13844.582434591219,5,RAIN,SECONDARY_13_24
2004,RF,5037.761973695662,5,RAIN,SECONDARY_13_24
2004,HGB,7873.442211273844,5,RAIN,SECONDARY_13_24
2005,GlobalClim,4894.22450150277,5,RAIN,SECONDARY_13_24
2005,DeptClim,2353.93138729162,5,RAIN,SECONDARY_13_24
2005,Persist,2416.50045071968,5,RAIN,SECONDARY_13_24
2005,Ridge,6387.51066008474,5,RAIN,SECONDARY_13_24
2005,RF,1714.046512883627,5,RAIN,SECONDARY_13_24
2005,HGB,3759.61978533154,5,RAIN,SECONDARY_13_24
2006,GlobalClim,3205.57883859948,5,RAIN,SECONDARY_13_24
2006,DeptClim,4813.026099258409,5,RAIN,SECONDARY_13_24
2006,Persist,3272.7051219345867,5,RAIN,SECONDARY_13_24
2006,Ridge,3054.008932394643,5,RAIN,SECONDARY_13_24
2006,RF,3296.15906261124,5,RAIN,SECONDARY_13_24
2006,HGB,2809.7408293007734,5,RAIN,SECONDARY_13_24
2007,GlobalClim,4238.5192548568475,5,RAIN,SECONDARY_13_24
2007,DeptClim,6640.329876599457,5,RAIN,SECONDARY_13_24
2007,Persist,3623.91283622775,5,RAIN,SECONDARY_13_24
2007,Ridge,2456.579488300219,5,RAIN,SECONDARY_13_24
2007,RF,2566.5378086121423,5,RAIN,SECONDARY_13_24
2007,HGB,3412.9052235180916,5,RAIN,SECONDARY_13_24
2008,GlobalClim,4940.501668897485,5,RAIN,SECONDARY_13_24
2008,DeptClim,7428.840744308354,5,RAIN,SECONDARY_13_24
2008,Persist,4671.165996158498,5,RAIN,SECONDARY_13_24
2008,Ridge,3889.1654207994125,5,RAIN,SECONDARY_13_24
2008,RF,3442.8663513451397,5,RAIN,SECONDARY_13_24
2008,HGB,3804.7969905366526,5,RAIN,SECONDARY_13_24
2009,GlobalClim,4613.635360205764,5,RAIN,SECONDARY_13_24
2009,DeptClim,7145.159256175651,5,RAIN,SECONDARY_13_24
2009,Persist,3068.9219993497522,5,RAIN,SECONDARY_13_24
2009,Ridge,2089.019398290355,5,RAIN,SECONDARY_13_24
2009,RF,1542.4167765405393,5,RAIN,SECONDARY_13_24
2009,HGB,2395.7370139043023,5,RAIN,SECONDARY_13_24
2010,GlobalClim,4195.5752700473495,5,RAIN,SECONDARY_13_24
2010,DeptClim,6868.090741502316,5,RAIN,SECONDARY_13_24
2010,Persist,3455.273008281527,5,RAIN,SECONDARY_13_24
2010,Ridge,1269.614913829276,5,RAIN,SECONDARY_13_24
2010,RF,807.8118029935683,5,RAIN,SECONDARY_13_24
2010,HGB,2753.232551412995,5,RAIN,SECONDARY_13_24
2011,GlobalClim,3610.572574086584,5,RAIN,SECONDARY_13_24
2011,DeptClim,6214.989690604104,5,RAIN,SECONDARY_13_24
2011,Persist,3390.8259481879795,5,RAIN,SECONDARY_13_24
2011,Ridge,923.15001152704,5,RAIN,SECONDARY_13_24
2011,RF,595.4966424494488,5,RAIN,SECONDARY_13_24
2011,HGB,1757.1771941802783,5,RAIN,SECONDARY_13_24
2012,GlobalClim,3855.4499613458383,5,RAIN,SECONDARY_13_24
2012,DeptClim,6590.017052900826,5,RAIN,SECONDARY_13_24
2012,Persist,3702.3194853033147,5,RAIN,SECONDARY_13_24
2012,Ridge,1587.0159247070967,5,RAIN,SECONDARY_13_24
2012,RF,1010.3595555794524,5,RAIN,SECONDARY_13_24
2012,HGB,1827.0224370654062,5,RAIN,SECONDARY_13_24
2013,GlobalClim,3845.4044737097147,5,RAIN,SECONDARY_13_24
2013,DeptClim,3586.335783010208,5,RAIN,SECONDARY_13_24
2013,Persist,3530.8545383095525,5,RAIN,SECONDARY_13_24
2013,Ridge,4709.898231951461,5,RAIN,SECONDARY_13_24
2013,RF,4233.3752063640695,5,RAIN,SECONDARY_13_24
2013,HGB,3729.144208445525,5,RAIN,SECONDARY_13_24
2014,GlobalClim,4492.178503521119,5,RAIN,SECONDARY_13_24
2014,DeptClim,7143.89840122903,5,RAIN,SECONDARY_13_24
2014,Persist,4136.168675361055,5,RAIN,SECONDARY_13_24
2014,Ridge,1796.5621958920824,5,RAIN,SECONDARY_13_24
2014,RF,3297.6356228494983,5,RAIN,SECONDARY_13_24
2014,HGB,2814.393061254394,5,RAIN,SECONDARY_13_24
2015,GlobalClim,5388.20866506317,5,RAIN,SECONDARY_13_24
2015,DeptClim,8097.640971416716,5,RAIN,SECONDARY_13_24
2015,Persist,5120.664291723478,5,RAIN,SECONDARY_13_24
2015,Ridge,2287.4532105084004,5,RAIN,SECONDARY_13_24
2015,RF,1642.5905492237255,5,RAIN,SECONDARY_13_24
2015,HGB,3817.3475958358754,5,RAIN,SECONDARY_13_24
2016,GlobalClim,5782.633121757165,5,RAIN,SECONDARY_13_24
2016,DeptClim,8704.638576866177,5,RAIN,SECONDARY_13_24
2016,Persist,5117.6123183470045,5,RAIN,SECONDARY_13_24
2016,Ridge,3046.897401312089,5,RAIN,SECONDARY_13_24
2016,RF,2659.3606324826837,5,RAIN,SECONDARY_13_24
2016,HGB,4656.9422837742,5,RAIN,SECONDARY_13_24
2017,GlobalClim,5461.703629319201,5,RAIN,SECONDARY_13_24
2017,DeptClim,8470.902054927637,5,RAIN,SECONDARY_13_24
2017,Persist,5089.291824929134,5,RAIN,SECONDARY_13_24
2017,Ridge,2922.477725207811,5,RAIN,SECONDARY_13_24
2017,RF,2963.0635034162715,5,RAIN,SECONDARY_13_24
2017,HGB,4630.9507752116615,5,RAIN,SECONDARY_13_24
2018,GlobalClim,5331.6646858960885,5,RAIN,SECONDARY_13_24
2018,DeptClim,7904.894938202275,5,RAIN,SECONDARY_13_24
2018,Persist,5456.244648851534,5,RAIN,SECONDARY_13_24
2018,Ridge,4394.828486905679,5,RAIN,SECONDARY_13_24
2018,RF,3859.847246593024,5,RAIN,SECONDARY_13_24
2018,HGB,5246.808164389984,5,RAIN,SECONDARY_13_24
2019,GlobalClim,4864.784104494749,5,RAIN,SECONDARY_13_24
2019,DeptClim,7623.525888693069,5,RAIN,SECONDARY_13_24
2019,Persist,7472.363412265596,5,RAIN,SECONDARY_13_24
2019,Ridge,45855.320537179934,5,RAIN,SECONDARY_13_24
2019,RF,17624.87971497147,5,RAIN,SECONDARY_13_24
2019,HGB,13644.420563718151,5,RAIN,SECONDARY_13_24
2020,GlobalClim,43044.46002240834,5,RAIN,SECONDARY_13_24
2020,DeptClim,42075.73301735916,5,RAIN,SECONDARY_13_24
2020,Persist,23044.901751738624,5,RAIN,SECONDARY_13_24
2020,Ridge,42816.01538862056,5,RAIN,SECONDARY_13_24
2020,RF,42805.971299789366,5,RAIN,SECONDARY_13_24
2020,HGB,42948.04775487188,5,RAIN,SECONDARY_13_24
2021,GlobalClim,5849.701066331531,5,RAIN,SECONDARY_13_24
2021,DeptClim,8062.891901691181,5,RAIN,SECONDARY_13_24
2021,Persist,5749.470522699459,5,RAIN,SECONDARY_13_24
2021,Ridge,2867.1180412593308,5,RAIN,SECONDARY_13_24
2021,RF,2278.4366544765785,5,RAIN,SECONDARY_13_24
2021,HGB,7507.106673289115,5,RAIN,SECONDARY_13_24
2022,GlobalClim,6141.251374705055,5,RAIN,SECONDARY_13_24
2022,DeptClim,8656.819319540522,5,RAIN,SECONDARY_13_24
2022,Persist,7743.931297879008,5,RAIN,SECONDARY_13_24
2022,Ridge,3372.6247089694434,5,RAIN,SECONDARY_13_24
2022,RF,1255.8431232825847,5,RAIN,SECONDARY_13_24
2022,HGB,5234.928730623426,5,RAIN,SECONDARY_13_24
2023,GlobalClim,7088.587796588185,5,RAIN,SECONDARY_13_24
2023,DeptClim,9498.69832264573,5,RAIN,SECONDARY_13_24
2023,Persist,7953.209137133123,5,RAIN,SECONDARY_13_24
2023,Ridge,4366.652533347065,5,RAIN,SECONDARY_13_24
2023,RF,3931.2483659080713,5,RAIN,SECONDARY_13_24
2023,HGB,6034.121835449099,5,RAIN,SECONDARY_13_24
2024,GlobalClim,7759.180258343421,5,RAIN,SECONDARY_13_24
2024,DeptClim,10525.171669062893,5,RAIN,SECONDARY_13_24
2024,Persist,8090.678734283491,5,RAIN,SECONDARY_13_24
2024,Ridge,4475.324574865952,5,RAIN,SECONDARY_13_24
2024,RF,2877.2253455590408,5,RAIN,SECONDARY_13_24
2024,HGB,6382.06088498839,5,RAIN,SECONDARY_13_24
2001,GlobalClim,2808.698347551019,6,RAIN,SECONDARY_13_24
2001,DeptClim,1734.1044957692382,6,RAIN,SECONDARY_13_24
2001,Persist,909.6582986224239,6,RAIN,SECONDARY_13_24
2001,Ridge,2304.5095372236515,6,RAIN,SECONDARY_13_24
2001,RF,732.5681556586042,6,RAIN,SECONDARY_13_24
2001,HGB,1903.506056255152,6,RAIN,SECONDARY_13_24
2002,GlobalClim,2072.079382793149,6,RAIN,SECONDARY_13_24
2002,DeptClim,1340.4547425415494,6,RAIN,SECONDARY_13_24
2002,Persist,1248.0035429328334,6,RAIN,SECONDARY_13_24
2002,Ridge,1677.1898947491086,6,RAIN,SECONDARY_13_24
2002,RF,1246.0983155901197,6,RAIN,SECONDARY_13_24
2002,HGB,1430.840932438121,6,RAIN,SECONDARY_13_24
2003,GlobalClim,16257.118972162756,6,RAIN,SECONDARY_13_24
2003,DeptClim,3424.592833786634,6,RAIN,SECONDARY_13_24
2003,Persist,977.6744427763722,6,RAIN,SECONDARY_13_24
2003,Ridge,19966.47816861659,6,RAIN,SECONDARY_13_24
2003,RF,14522.270197102853,6,RAIN,SECONDARY_13_24
2003,HGB,11170.74006387119,6,RAIN,SECONDARY_13_24
2004,GlobalClim,10422.943096849547,6,RAIN,SECONDARY_13_24
2004,DeptClim,2091.5067914483316,6,RAIN,SECONDARY_13_24
2004,Persist,1980.9204463813292,6,RAIN,SECONDARY_13_24
2004,Ridge,12879.158854250885,6,RAIN,SECONDARY_13_24
2004,RF,7582.311883859534,6,RAIN,SECONDARY_13_24
2004,HGB,6052.615883957651,6,RAIN,SECONDARY_13_24
2005,GlobalClim,5078.526880020394,6,RAIN,SECONDARY_13_24
2005,DeptClim,1771.8759085770382,6,RAIN,SECONDARY_13_24
2005,Persist,1742.1395920027626,6,RAIN,SECONDARY_13_24
2005,Ridge,5784.856107047352,6,RAIN,SECONDARY_13_24
2005,RF,2190.4535035108033,6,RAIN,SECONDARY_13_24
2005,HGB,6033.6419319384095,6,RAIN,SECONDARY_13_24
2006,GlobalClim,2962.7759361863787,6,RAIN,SECONDARY_13_24
2006,DeptClim,5205.070387335513,6,RAIN,SECONDARY_13_24
2006,Persist,2735.27219957925,6,RAIN,SECONDARY_13_24
2006,Ridge,2520.43889525926,6,RAIN,SECONDARY_13_24
2006,RF,3007.170917656728,6,RAIN,SECONDARY_13_24
2006,HGB,2680.3527957342017,6,RAIN,SECONDARY_13_24
2007,GlobalClim,4178.18386530759,6,RAIN,SECONDARY_13_24
2007,DeptClim,7111.326060976929,6,RAIN,SECONDARY_13_24
2007,Persist,3002.9502231952706,6,RAIN,SECONDARY_13_24
2007,Ridge,2750.5142461805913,6,RAIN,SECONDARY_13_24
2007,RF,2066.2236773525906,6,RAIN,SECONDARY_13_24
2007,HGB,4032.0150105580883,6,RAIN,SECONDARY_13_24
2008,GlobalClim,3719.9057598249124,6,RAIN,SECONDARY_13_24
2008,DeptClim,6791.739609212595,6,RAIN,SECONDARY_13_24
2008,Persist,4264.438096453167,6,RAIN,SECONDARY_13_24
2008,Ridge,2157.757733974497,6,RAIN,SECONDARY_13_24
2008,RF,6360.53270417506,6,RAIN,SECONDARY_13_24
2008,HGB,6248.54725702139,6,RAIN,SECONDARY_13_24
2009,GlobalClim,4593.317281246624,6,RAIN,SECONDARY_13_24
2009,DeptClim,7932.583886480747,6,RAIN,SECONDARY_13_24
2009,Persist,3220.639660466637,6,RAIN,SECONDARY_13_24
2009,Ridge,2855.3829177537737,6,RAIN,SECONDARY_13_24
2009,RF,1102.004180848184,6,RAIN,SECONDARY_13_24
2009,HGB,2642.9047961346228,6,RAIN,SECONDARY_13_24
2010,GlobalClim,4041.8942626409294,6,RAIN,SECONDARY_13_24
2010,DeptClim,7315.760932548097,6,RAIN,SECONDARY_13_24
2010,Persist,3115.5547262735063,6,RAIN,SECONDARY_13_24
2010,Ridge,1974.5627354305702,6,RAIN,SECONDARY_13_24
2010,RF,917.7676702974248,6,RAIN,SECONDARY_13_24
2010,HGB,2212.0779742623185,6,RAIN,SECONDARY_13_24
2011,GlobalClim,3851.6546392346518,6,RAIN,SECONDARY_13_24
2011,DeptClim,6955.64379627399,6,RAIN,SECONDARY_13_24
2011,Persist,3714.7128729845285,6,RAIN,SECONDARY_13_24
2011,Ridge,1619.441200126471,6,RAIN,SECONDARY_13_24
2011,RF,761.6149325111659,6,RAIN,SECONDARY_13_24
2011,HGB,1519.79289643884,6,RAIN,SECONDARY_13_24
2012,GlobalClim,4086.2244898583317,6,RAIN,SECONDARY_13_24
2012,DeptClim,7339.389479257888,6,RAIN,SECONDARY_13_24
2012,Persist,4086.4100776853898,6,RAIN,SECONDARY_13_24
2012,Ridge,2256.3532889882194,6,RAIN,SECONDARY_13_24
2012,RF,3608.5490711884577,6,RAIN,SECONDARY_13_24
2012,HGB,3220.900466029685,6,RAIN,SECONDARY_13_24
2013,GlobalClim,4269.962909652844,6,RAIN,SECONDARY_13_24
2013,DeptClim,7452.632229202839,6,RAIN,SECONDARY_13_24
2013,Persist,8897.020852888314,6,RAIN,SECONDARY_13_24
2013,Ridge,2141.477469704231,6,RAIN,SECONDARY_13_24
2013,RF,1103.5262817135845,6,RAIN,SECONDARY_13_24
2013,HGB,2038.8967095513883,6,RAIN,SECONDARY_13_24
2014,GlobalClim,4730.071579089154,6,RAIN,SECONDARY_13_24
2014,DeptClim,7907.609423607126,6,RAIN,SECONDARY_13_24
2014,Persist,4627.240633618387,6,RAIN,SECONDARY_13_24
2014,Ridge,2522.0872291227724,6,RAIN,SECONDARY_13_24
2014,RF,1821.3434423558258,6,RAIN,SECONDARY_13_24
2014,HGB,2438.6176327513494,6,RAIN,SECONDARY_13_24
2015,GlobalClim,5157.172277829852,6,RAIN,SECONDARY_13_24
2015,DeptClim,8331.597857110875,6,RAIN,SECONDARY_13_24
2015,Persist,4431.903936273423,6,RAIN,SECONDARY_13_24
2015,Ridge,2978.5571610874395,6,RAIN,SECONDARY_13_24
2015,RF,3289.936701499415,6,RAIN,SECONDARY_13_24
2015,HGB,4367.304273174312,6,RAIN,SECONDARY_13_24
2016,GlobalClim,5881.423087535901,6,RAIN,SECONDARY_13_24
2016,DeptClim,9155.024116564682,6,RAIN,SECONDARY_13_24
2016,Persist,4871.807098427971,6,RAIN,SECONDARY_13_24
2016,Ridge,4041.5062999629445,6,RAIN,SECONDARY_13_24
2016,RF,3377.2230673483964,6,RAIN,SECONDARY_13_24
2016,HGB,4375.557241566826,6,RAIN,SECONDARY_13_24
2017,GlobalClim,6344.327186284809,6,RAIN,SECONDARY_13_24
2017,DeptClim,9794.519141833,6,RAIN,SECONDARY_13_24
2017,Persist,6049.914017586926,6,RAIN,SECONDARY_13_24
2017,Ridge,4790.725322591686,6,RAIN,SECONDARY_13_24
2017,RF,4204.32098311036,6,RAIN,SECONDARY_13_24
2017,HGB,5166.488104701003,6,RAIN,SECONDARY_13_24
2018,GlobalClim,6724.926981377211,6,RAIN,SECONDARY_13_24
2018,DeptClim,9838.610991487672,6,RAIN,SECONDARY_13_24
2018,Persist,6956.347682448892,6,RAIN,SECONDARY_13_24
2018,Ridge,5764.495589466771,6,RAIN,SECONDARY_13_24
2018,RF,4675.581556250889,6,RAIN,SECONDARY_13_24
2018,HGB,6708.106363283541,6,RAIN,SECONDARY_13_24
2019,GlobalClim,18180.284343544103,6,RAIN,SECONDARY_13_24
2019,DeptClim,15770.045596915905,6,RAIN,SECONDARY_13_24
2019,Persist,18329.79661274265,6,RAIN,SECONDARY_13_24
2019,Ridge,3501.6131910131453,6,RAIN,SECONDARY_13_24
2019,RF,17114.631541734798,6,RAIN,SECONDARY_13_24
2019,HGB,12332.323064100658,6,RAIN,SECONDARY_13_24
2020,GlobalClim,35123.81959685841,6,RAIN,SECONDARY_13_24
2020,DeptClim,33261.432485721096,6,RAIN,SECONDARY_13_24
2020,Persist,9383.932475781472,6,RAIN,SECONDARY_13_24
2020,Ridge,36410.07496078524,6,RAIN,SECONDARY_13_24
2020,RF,37487.427953559134,6,RAIN,SECONDARY_13_24
2020,HGB,36046.970144367275,6,RAIN,SECONDARY_13_24
2021,GlobalClim,7166.272998937904,6,RAIN,SECONDARY_13_24
2021,DeptClim,10555.998622918887,6,RAIN,SECONDARY_13_24
2021,Persist,9609.333953528007,6,RAIN,SECONDARY_13_24
2021,Ridge,5871.890063098727,6,RAIN,SECONDARY_13_24
2021,RF,7855.602079821739,6,RAIN,SECONDARY_13_24
2021,HGB,7390.970187254666,6,RAIN,SECONDARY_13_24
2022,GlobalClim,7092.991363373616,6,RAIN,SECONDARY_13_24
2022,DeptClim,10376.00253187424,6,RAIN,SECONDARY_13_24
2022,Persist,7748.943746023152,6,RAIN,SECONDARY_13_24
2022,Ridge,5635.262748931314,6,RAIN,SECONDARY_13_24
2022,RF,2327.10776081148,6,RAIN,SECONDARY_13_24
2022,HGB,6225.2209046899725,6,RAIN,SECONDARY_13_24
2023,GlobalClim,8768.4806132029,6,RAIN,SECONDARY_13_24
2023,DeptClim,11858.17661849464,6,RAIN,SECONDARY_13_24
2023,Persist,9275.605817200896,6,RAIN,SECONDARY_13_24
2023,Ridge,7030.111988924258,6,RAIN,SECONDARY_13_24
2023,RF,6124.336821861019,6,RAIN,SECONDARY_13_24
2023,HGB,8102.826329800414,6,RAIN,SECONDARY_13_24
2024,GlobalClim,9416.245012860589,6,RAIN,SECONDARY_13_24
2024,DeptClim,12555.938012061504,6,RAIN,SECONDARY_13_24
2024,Persist,9136.767274517271,6,RAIN,SECONDARY_13_24
2024,Ridge,7313.563517246093,6,RAIN,SECONDARY_13_24
2024,RF,6386.74925325256,6,RAIN,SECONDARY_13_24
2024,HGB,8004.977879975627,6,RAIN,SECONDARY_13_24
2001,GlobalClim,3011.9494014826514,7,RAIN,SECONDARY_13_24
2001,DeptClim,1661.0631696960875,7,RAIN,SECONDARY_13_24
2001,Persist,960.4206105372541,7,RAIN,SECONDARY_13_24
2001,Ridge,2207.746289970208,7,RAIN,SECONDARY_13_24
2001,RF,646.3357788653045,7,RAIN,SECONDARY_13_24
2001,HGB,717.3140628911553,7,RAIN,SECONDARY_13_24
2002,GlobalClim,2147.9611188442714,7,RAIN,SECONDARY_13_24
2002,DeptClim,1255.929620672832,7,RAIN,SECONDARY_13_24
2002,Persist,1999.7906633484754,7,RAIN,SECONDARY_13_24
2002,Ridge,1881.3971792092489,7,RAIN,SECONDARY_13_24
2002,RF,2013.2914652988727,7,RAIN,SECONDARY_13_24
2002,HGB,1929.091942505346,7,RAIN,SECONDARY_13_24
2003,GlobalClim,22189.36672081084,7,RAIN,SECONDARY_13_24
2003,DeptClim,4385.832738136301,7,RAIN,SECONDARY_13_24
2003,Persist,5402.4515964348675,7,RAIN,SECONDARY_13_24
2003,Ridge,30948.506282823277,7,RAIN,SECONDARY_13_24
2003,RF,30309.337097937703,7,RAIN,SECONDARY_13_24
2003,HGB,28664.782656393585,7,RAIN,SECONDARY_13_24
2004,GlobalClim,15818.185799375586,7,RAIN,SECONDARY_13_24
2004,DeptClim,2105.0596250824988,7,RAIN,SECONDARY_13_24
2004,Persist,2087.885519127213,7,RAIN,SECONDARY_13_24
2004,Ridge,22831.284576956652,7,RAIN,SECONDARY_13_24
2004,RF,21053.304078727328,7,RAIN,SECONDARY_13_24
2004,HGB,21072.436615587296,7,RAIN,SECONDARY_13_24
2005,GlobalClim,3425.989050249387,7,RAIN,SECONDARY_13_24
2005,DeptClim,8005.78811513099,7,RAIN,SECONDARY_13_24
2005,Persist,7913.189887714143,7,RAIN,SECONDARY_13_24
2005,Ridge,3160.289885649897,7,RAIN,SECONDARY_13_24
2005,RF,3290.3860099687463,7,RAIN,SECONDARY_13_24
2005,HGB,2029.1499647319317,7,RAIN,SECONDARY_13_24
2006,GlobalClim,2660.313292481141,7,RAIN,SECONDARY_13_24
2006,DeptClim,6074.229901241671,7,RAIN,SECONDARY_13_24
2006,Persist,2095.1588401499334,7,RAIN,SECONDARY_13_24
2006,Ridge,3279.0405365262154,7,RAIN,SECONDARY_13_24
2006,RF,4559.258894550121,7,RAIN,SECONDARY_13_24
2006,HGB,2083.5643178673786,7,RAIN,SECONDARY_13_24
2007,GlobalClim,3314.7823506529617,7,RAIN,SECONDARY_13_24
2007,DeptClim,7188.880914747685,7,RAIN,SECONDARY_13_24
2007,Persist,1752.1508955398663,7,RAIN,SECONDARY_13_24
2007,Ridge,2238.893583997576,7,RAIN,SECONDARY_13_24
2007,RF,2067.418670040276,7,RAIN,SECONDARY_13_24
2007,HGB,2014.9705603242999,7,RAIN,SECONDARY_13_24
2008,GlobalClim,3633.5503098918985,7,RAIN,SECONDARY_13_24
2008,DeptClim,7878.150541785349,7,RAIN,SECONDARY_13_24
2008,Persist,2797.8949829480507,7,RAIN,SECONDARY_13_24
2008,Ridge,2023.8822436124801,7,RAIN,SECONDARY_13_24
2008,RF,1174.4029286962013,7,RAIN,SECONDARY_13_24
2008,HGB,1722.084632682247,7,RAIN,SECONDARY_13_24
2009,GlobalClim,4809.608184169041,7,RAIN,SECONDARY_13_24
2009,DeptClim,8967.664080791836,7,RAIN,SECONDARY_13_24
2009,Persist,3391.635867667076,7,RAIN,SECONDARY_13_24
2009,Ridge,2188.5594999467526,7,RAIN,SECONDARY_13_24
2009,RF,1017.8013178618341,7,RAIN,SECONDARY_13_24
2009,HGB,2472.4797555388045,7,RAIN,SECONDARY_13_24
2010,GlobalClim,4085.4137541285754,7,RAIN,SECONDARY_13_24
2010,DeptClim,8486.901628567413,7,RAIN,SECONDARY_13_24
2010,Persist,3229.1346210393854,7,RAIN,SECONDARY_13_24
2010,Ridge,1397.7569402991876,7,RAIN,SECONDARY_13_24
2010,RF,1862.5309331764254,7,RAIN,SECONDARY_13_24
2010,HGB,1724.8601717867045,7,RAIN,SECONDARY_13_24
2011,GlobalClim,4460.466446670122,7,RAIN,SECONDARY_13_24
2011,DeptClim,8796.392971214504,7,RAIN,SECONDARY_13_24
2011,Persist,4274.393981222341,7,RAIN,SECONDARY_13_24
2011,Ridge,1276.157769043823,7,RAIN,SECONDARY_13_24
2011,RF,1274.7344101721096,7,RAIN,SECONDARY_13_24
2011,HGB,1813.7680405984268,7,RAIN,SECONDARY_13_24
2012,GlobalClim,4887.019496723474,7,RAIN,SECONDARY_13_24
2012,DeptClim,9340.413966899714,7,RAIN,SECONDARY_13_24
2012,Persist,4931.408897689137,7,RAIN,SECONDARY_13_24
2012,Ridge,1966.3116529495053,7,RAIN,SECONDARY_13_24
2012,RF,1440.1104858204992,7,RAIN,SECONDARY_13_24
2012,HGB,3120.997241933681,7,RAIN,SECONDARY_13_24
2013,GlobalClim,5286.210903614228,7,RAIN,SECONDARY_13_24
2013,DeptClim,9599.086669378572,7,RAIN,SECONDARY_13_24
2013,Persist,5308.477237048202,7,RAIN,SECONDARY_13_24
2013,Ridge,2141.3796591607793,7,RAIN,SECONDARY_13_24
2013,RF,1722.319681486615,7,RAIN,SECONDARY_13_24
2013,HGB,2854.411949739121,7,RAIN,SECONDARY_13_24
2014,GlobalClim,5964.653963462731,7,RAIN,SECONDARY_13_24
2014,DeptClim,10261.825059727576,7,RAIN,SECONDARY_13_24
2014,Persist,5905.42153063382,7,RAIN,SECONDARY_13_24
2014,Ridge,2633.400341921703,7,RAIN,SECONDARY_13_24
2014,RF,1453.5980240621445,7,RAIN,SECONDARY_13_24
2014,HGB,3786.3958701323795,7,RAIN,SECONDARY_13_24
2015,GlobalClim,6396.61420098237,7,RAIN,SECONDARY_13_24
2015,DeptClim,10682.08964254532,7,RAIN,SECONDARY_13_24
2015,Persist,6461.958239934947,7,RAIN,SECONDARY_13_24
2015,Ridge,3286.3589787751625,7,RAIN,SECONDARY_13_24
2015,RF,2001.2568520821285,7,RAIN,SECONDARY_13_24
2015,HGB,4254.972777609699,7,RAIN,SECONDARY_13_24
2016,GlobalClim,7427.385740378966,7,RAIN,SECONDARY_13_24
2016,DeptClim,11926.27827414509,7,RAIN,SECONDARY_13_24
2016,Persist,7099.331959573051,7,RAIN,SECONDARY_13_24
2016,Ridge,4745.513385914461,7,RAIN,SECONDARY_13_24
2016,RF,4251.742958892794,7,RAIN,SECONDARY_13_24
2016,HGB,6028.017227954201,7,RAIN,SECONDARY_13_24
2017,GlobalClim,8344.121602020998,7,RAIN,SECONDARY_13_24
2017,DeptClim,12816.680998877357,7,RAIN,SECONDARY_13_24
2017,Persist,8398.781968561556,7,RAIN,SECONDARY_13_24
2017,Ridge,5864.37913418704,7,RAIN,SECONDARY_13_24
2017,RF,3989.225429148934,7,RAIN,SECONDARY_13_24
2017,HGB,16422.2781063998,7,RAIN,SECONDARY_13_24
2018,GlobalClim,9289.317608477804,7,RAIN,SECONDARY_13_24
2018,DeptClim,13614.408361258076,7,RAIN,SECONDARY_13_24
2018,Persist,8566.34831470337,7,RAIN,SECONDARY_13_24
2018,Ridge,7463.073065246281,7,RAIN,SECONDARY_13_24
2018,RF,5687.087614475344,7,RAIN,SECONDARY_13_24
2018,HGB,8081.440928621199,7,RAIN,SECONDARY_13_24
2019,GlobalClim,43537.87091156078,7,RAIN,SECONDARY_13_24
2019,DeptClim,41006.11557681739,7,RAIN,SECONDARY_13_24
2019,Persist,21943.995688943432,7,RAIN,SECONDARY_13_24
2019,Ridge,23573.554514631353,7,RAIN,SECONDARY_13_24
2019,RF,46088.706305415544,7,RAIN,SECONDARY_13_24
2019,HGB,44403.691782628215,7,RAIN,SECONDARY_13_24
2020,GlobalClim,38120.24340953368,7,RAIN,SECONDARY_13_24
2020,DeptClim,35264.659126437575,7,RAIN,SECONDARY_13_24
2020,Persist,3442.1584361046457,7,RAIN,SECONDARY_13_24
2020,Ridge,40778.66574976962,7,RAIN,SECONDARY_13_24
2020,RF,43740.18035986429,7,RAIN,SECONDARY_13_24
2020,HGB,39652.74932932202,7,RAIN,SECONDARY_13_24
2021,GlobalClim,10238.437280949276,7,RAIN,SECONDARY_13_24
2021,DeptClim,14800.052794908483,7,RAIN,SECONDARY_13_24
2021,Persist,10246.586671428315,7,RAIN,SECONDARY_13_24
2021,Ridge,8131.395767179057,7,RAIN,SECONDARY_13_24
2021,RF,9300.479631686494,7,RAIN,SECONDARY_13_24
2021,HGB,8682.31684601637,7,RAIN,SECONDARY_13_24
2022,GlobalClim,12749.31529250939,7,RAIN,SECONDARY_13_24
2022,DeptClim,17631.943041903614,7,RAIN,SECONDARY_13_24
2022,Persist,15118.04544136281,7,RAIN,SECONDARY_13_24
2022,Ridge,9515.515576251793,7,RAIN,SECONDARY_13_24
2022,RF,13059.919870933136,7,RAIN,SECONDARY_13_24
2022,HGB,11010.627567127513,7,RAIN,SECONDARY_13_24
2023,GlobalClim,12687.75578443308,7,RAIN,SECONDARY_13_24
2023,DeptClim,17122.08911756643,7,RAIN,SECONDARY_13_24
2023,Persist,12261.317748466468,7,RAIN,SECONDARY_13_24
2023,Ridge,9761.853696652195,7,RAIN,SECONDARY_13_24
2023,RF,10254.346853023259,7,RAIN,SECONDARY_13_24
2023,HGB,11303.7067611081,7,RAIN,SECONDARY_13_24
2024,GlobalClim,14193.730672962613,7,RAIN,SECONDARY_13_24
2024,DeptClim,18601.768400858808,7,RAIN,SECONDARY_13_24
2024,Persist,13537.432551413516,7,RAIN,SECONDARY_13_24
2024,Ridge,10776.560950058947,7,RAIN,SECONDARY_13_24
2024,RF,15871.352006108,7,RAIN,SECONDARY_13_24
2024,HGB,12531.09972163605,7,RAIN,SECONDARY_13_24
2001,GlobalClim,3150.4022158874423,8,RAIN,SECONDARY_13_24
2001,DeptClim,1629.6255573295507,8,RAIN,SECONDARY_13_24
2001,Persist,999.0681101799414,8,RAIN,SECONDARY_13_24
2001,Ridge,2577.329582386923,8,RAIN,SECONDARY_13_24
2001,RF,876.4280698722889,8,RAIN,SECONDARY_13_24
2001,HGB,589.8936402172345,8,RAIN,SECONDARY_13_24
2002,GlobalClim,3146.2899451695093,8,RAIN,SECONDARY_13_24
2002,DeptClim,1850.9755954670848,8,RAIN,SECONDARY_13_24
2002,Persist,995.5789102754561,8,RAIN,SECONDARY_13_24
2002,Ridge,1855.628277402669,8,RAIN,SECONDARY_13_24
2002,RF,873.2240273895039,8,RAIN,SECONDARY_13_24
2002,HGB,569.7993419796758,8,RAIN,SECONDARY_13_24
2003,GlobalClim,4866.931827258815,8,RAIN,SECONDARY_13_24
2003,DeptClim,14561.92223299862,8,RAIN,SECONDARY_13_24
2003,Persist,12322.930694513041,8,RAIN,SECONDARY_13_24
2003,Ridge,16046.173210032248,8,RAIN,SECONDARY_13_24
2003,RF,4070.4034190850857,8,RAIN,SECONDARY_13_24
2003,HGB,12431.049647640122,8,RAIN,SECONDARY_13_24
2004,GlobalClim,16625.123700916356,8,RAIN,SECONDARY_13_24
2004,DeptClim,2412.408002721674,8,RAIN,SECONDARY_13_24
2004,Persist,2921.233038108997,8,RAIN,SECONDARY_13_24
2004,Ridge,25057.141592040218,8,RAIN,SECONDARY_13_24
2004,RF,12310.301021661699,8,RAIN,SECONDARY_13_24
2004,HGB,23003.638115587473,8,RAIN,SECONDARY_13_24
2005,GlobalClim,5791.471683145148,8,RAIN,SECONDARY_13_24
2005,DeptClim,2123.5207376990948,8,RAIN,SECONDARY_13_24
2005,Persist,6389.841522619038,8,RAIN,SECONDARY_13_24
2005,Ridge,8637.969174644617,8,RAIN,SECONDARY_13_24
2005,RF,4595.151495975883,8,RAIN,SECONDARY_13_24
2005,HGB,7775.112018247617,8,RAIN,SECONDARY_13_24
2006,GlobalClim,3745.488967662504,8,RAIN,SECONDARY_13_24
2006,DeptClim,7932.1872770898035,8,RAIN,SECONDARY_13_24
2006,Persist,3346.7499916480033,8,RAIN,SECONDARY_13_24
2006,Ridge,3730.910697329164,8,RAIN,SECONDARY_13_24
2006,RF,2702.780157684106,8,RAIN,SECONDARY_13_24
2006,HGB,2486.684673985396,8,RAIN,SECONDARY_13_24
2007,GlobalClim,3481.0978095032665,8,RAIN,SECONDARY_13_24
2007,DeptClim,7260.557783958629,8,RAIN,SECONDARY_13_24
2007,Persist,2450.088307191734,8,RAIN,SECONDARY_13_24
2007,Ridge,3101.4428636275757,8,RAIN,SECONDARY_13_24
2007,RF,3160.330090152995,8,RAIN,SECONDARY_13_24
2007,HGB,2548.645149537888,8,RAIN,SECONDARY_13_24
2008,GlobalClim,3932.673674501538,8,RAIN,SECONDARY_13_24
2008,DeptClim,8246.693463539557,8,RAIN,SECONDARY_13_24
2008,Persist,3193.133139484915,8,RAIN,SECONDARY_13_24
2008,Ridge,2233.6248248554216,8,RAIN,SECONDARY_13_24
2008,RF,1946.5496541134519,8,RAIN,SECONDARY_13_24
2008,HGB,1481.2180489356024,8,RAIN,SECONDARY_13_24
2009,GlobalClim,4733.326007085591,8,RAIN,SECONDARY_13_24
2009,DeptClim,8966.389791588494,8,RAIN,SECONDARY_13_24
2009,Persist,3112.099643637862,8,RAIN,SECONDARY_13_24
2009,Ridge,2295.5371302036287,8,RAIN,SECONDARY_13_24
2009,RF,1777.9051958647065,8,RAIN,SECONDARY_13_24
2009,HGB,1915.5185801422488,8,RAIN,SECONDARY_13_24
2010,GlobalClim,4537.439897048391,8,RAIN,SECONDARY_13_24
2010,DeptClim,8942.909403344156,8,RAIN,SECONDARY_13_24
2010,Persist,4106.034488092767,8,RAIN,SECONDARY_13_24
2010,Ridge,1622.9015616218392,8,RAIN,SECONDARY_13_24
2010,RF,5392.002623466528,8,RAIN,SECONDARY_13_24
2010,HGB,1515.4122942398822,8,RAIN,SECONDARY_13_24
2011,GlobalClim,4675.710824105528,8,RAIN,SECONDARY_13_24
2011,DeptClim,9037.922479958108,8,RAIN,SECONDARY_13_24
2011,Persist,4363.758028158403,8,RAIN,SECONDARY_13_24
2011,Ridge,1086.4789425886104,8,RAIN,SECONDARY_13_24
2011,RF,1696.2572664079232,8,RAIN,SECONDARY_13_24
2011,HGB,1556.1697300917053,8,RAIN,SECONDARY_13_24
2012,GlobalClim,5126.929008420753,8,RAIN,SECONDARY_13_24
2012,DeptClim,9809.164710708297,8,RAIN,SECONDARY_13_24
2012,Persist,5236.727015056413,8,RAIN,SECONDARY_13_24
2012,Ridge,2280.422377403388,8,RAIN,SECONDARY_13_24
2012,RF,2039.6267141355333,8,RAIN,SECONDARY_13_24
2012,HGB,2773.232038728992,8,RAIN,SECONDARY_13_24
2013,GlobalClim,5395.101951686529,8,RAIN,SECONDARY_13_24
2013,DeptClim,9828.242259515242,8,RAIN,SECONDARY_13_24
2013,Persist,5344.554675633662,8,RAIN,SECONDARY_13_24
2013,Ridge,1793.2498321861553,8,RAIN,SECONDARY_13_24
2013,RF,1898.3260579201435,8,RAIN,SECONDARY_13_24
2013,HGB,2651.3661584539545,8,RAIN,SECONDARY_13_24
2014,GlobalClim,6208.5058037269155,8,RAIN,SECONDARY_13_24
2014,DeptClim,10599.00424395683,8,RAIN,SECONDARY_13_24
2014,Persist,6041.564070657564,8,RAIN,SECONDARY_13_24
2014,Ridge,2578.9221685613493,8,RAIN,SECONDARY_13_24
2014,RF,2039.4100512838056,8,RAIN,SECONDARY_13_24
2014,HGB,4215.3685496411745,8,RAIN,SECONDARY_13_24
2015,GlobalClim,6705.596355755782,8,RAIN,SECONDARY_13_24
2015,DeptClim,11055.553386724208,8,RAIN,SECONDARY_13_24
2015,Persist,6597.721824495995,8,RAIN,SECONDARY_13_24
2015,Ridge,3129.736575092616,8,RAIN,SECONDARY_13_24
2015,RF,3125.5353747285076,8,RAIN,SECONDARY_13_24
2015,HGB,4262.685619726516,8,RAIN,SECONDARY_13_24
2016,GlobalClim,8644.509602169834,8,RAIN,SECONDARY_13_24
2016,DeptClim,13388.390481133201,8,RAIN,SECONDARY_13_24
2016,Persist,8392.546805737678,8,RAIN,SECONDARY_13_24
2016,Ridge,5185.192254261748,8,RAIN,SECONDARY_13_24
2016,RF,10576.400650257927,8,RAIN,SECONDARY_13_24
2016,HGB,6287.140841447365,8,RAIN,SECONDARY_13_24
2017,GlobalClim,8400.587767222707,8,RAIN,SECONDARY_13_24
2017,DeptClim,13164.904186060548,8,RAIN,SECONDARY_13_24
2017,Persist,7816.904456807523,8,RAIN,SECONDARY_13_24
2017,Ridge,4823.6126781919,8,RAIN,SECONDARY_13_24
2017,RF,9546.336517865786,8,RAIN,SECONDARY_13_24
2017,HGB,6288.227546795301,8,RAIN,SECONDARY_13_24
2018,GlobalClim,9410.097843657442,8,RAIN,SECONDARY_13_24
2018,DeptClim,13940.512800308543,8,RAIN,SECONDARY_13_24
2018,Persist,9144.812560689757,8,RAIN,SECONDARY_13_24
2018,Ridge,7073.730464394173,8,RAIN,SECONDARY_13_24
2018,RF,13289.546051409856,8,RAIN,SECONDARY_13_24
2018,HGB,14514.060223513165,8,RAIN,SECONDARY_13_24
2019,GlobalClim,54468.84599517915,8,RAIN,SECONDARY_13_24
2019,DeptClim,52355.3348420901,8,RAIN,SECONDARY_13_24
2019,Persist,7513.344196650276,8,RAIN,SECONDARY_13_24
2019,Ridge,36435.31649005887,8,RAIN,SECONDARY_13_24
2019,RF,52981.02509949304,8,RAIN,SECONDARY_13_24
2019,HGB,54872.83278884518,8,RAIN,SECONDARY_13_24
2020,GlobalClim,30315.157774360443,8,RAIN,SECONDARY_13_24
2020,DeptClim,27076.122943445655,8,RAIN,SECONDARY_13_24
2020,Persist,13065.717617749027,8,RAIN,SECONDARY_13_24
2020,Ridge,33461.771433060014,8,RAIN,SECONDARY_13_24
2020,RF,39082.76938238784,8,RAIN,SECONDARY_13_24
2020,HGB,32326.765064000876,8,RAIN,SECONDARY_13_24
2021,GlobalClim,10385.016922022534,8,RAIN,SECONDARY_13_24
2021,DeptClim,15084.21109232335,8,RAIN,SECONDARY_13_24
2021,Persist,10533.184754310014,8,RAIN,SECONDARY_13_24
2021,Ridge,7646.031536290974,8,RAIN,SECONDARY_13_24
2021,RF,10332.004793969396,8,RAIN,SECONDARY_13_24
2021,HGB,8465.477628285778,8,RAIN,SECONDARY_13_24
2022,GlobalClim,12042.454282601646,8,RAIN,SECONDARY_13_24
2022,DeptClim,16731.274064010107,8,RAIN,SECONDARY_13_24
2022,Persist,11426.976163629348,8,RAIN,SECONDARY_13_24
2022,Ridge,9232.981153518731,8,RAIN,SECONDARY_13_24
2022,RF,7020.438955511686,8,RAIN,SECONDARY_13_24
2022,HGB,10156.597944910696,8,RAIN,SECONDARY_13_24
2023,GlobalClim,12865.96221894129,8,RAIN,SECONDARY_13_24
2023,DeptClim,17330.97820522468,8,RAIN,SECONDARY_13_24
2023,Persist,12825.839798814994,8,RAIN,SECONDARY_13_24
2023,Ridge,9628.550934281311,8,RAIN,SECONDARY_13_24
2023,RF,6916.830601996258,8,RAIN,SECONDARY_13_24
2023,HGB,10374.217559309065,8,RAIN,SECONDARY_13_24
2024,GlobalClim,14819.941123411012,8,RAIN,SECONDARY_13_24
2024,DeptClim,19227.31837492933,8,RAIN,SECONDARY_13_24
2024,Persist,13884.859427844614,8,RAIN,SECONDARY_13_24
2024,Ridge,10812.952600844523,8,RAIN,SECONDARY_13_24
2024,RF,10084.290146632693,8,RAIN,SECONDARY_13_24
2024,HGB,12238.2187769063,8,RAIN,SECONDARY_13_24
2001,GlobalClim,3642.175690545364,9,RAIN,SECONDARY_13_24
2001,DeptClim,2059.2959223572843,9,RAIN,SECONDARY_13_24
2001,Persist,1025.14067183779,9,RAIN,SECONDARY_13_24
2001,Ridge,5273.019948913985,9,RAIN,SECONDARY_13_24
2001,RF,911.8449993237779,9,RAIN,SECONDARY_13_24
2001,HGB,1069.760658287854,9,RAIN,SECONDARY_13_24
2002,GlobalClim,6602.014095095286,9,RAIN,SECONDARY_13_24
2002,DeptClim,30543.42561237382,9,RAIN,SECONDARY_13_24
2002,Persist,1028.6964576800408,9,RAIN,SECONDARY_13_24
2002,Ridge,16385.105153205503,9,RAIN,SECONDARY_13_24
2002,RF,16737.041108657304,9,RAIN,SECONDARY_13_24
2002,HGB,8534.26510818939,9,RAIN,SECONDARY_13_24
2003,GlobalClim,19612.15322655556,9,RAIN,SECONDARY_13_24
2003,DeptClim,1179.007631359437,9,RAIN,SECONDARY_13_24
2003,Persist,23205.512910804926,9,RAIN,SECONDARY_13_24
2003,Ridge,32791.61795100016,9,RAIN,SECONDARY_13_24
2003,RF,11089.92761746116,9,RAIN,SECONDARY_13_24
2003,HGB,31559.78009774782,9,RAIN,SECONDARY_13_24
2004,GlobalClim,15144.044791300395,9,RAIN,SECONDARY_13_24
2004,DeptClim,2444.1097688188806,9,RAIN,SECONDARY_13_24
2004,Persist,3850.4891741478336,9,RAIN,SECONDARY_13_24
2004,Ridge,26442.857491402945,9,RAIN,SECONDARY_13_24
2004,RF,8901.442967050798,9,RAIN,SECONDARY_13_24
2004,HGB,25315.99322015653,9,RAIN,SECONDARY_13_24
2005,GlobalClim,5949.558242093166,9,RAIN,SECONDARY_13_24
2005,DeptClim,2998.9244932473903,9,RAIN,SECONDARY_13_24
2005,Persist,2088.6688066849783,9,RAIN,SECONDARY_13_24
2005,Ridge,10318.043947756349,9,RAIN,SECONDARY_13_24
2005,RF,4927.852732679581,9,RAIN,SECONDARY_13_24
2005,HGB,9498.035718671152,9,RAIN,SECONDARY_13_24
2006,GlobalClim,5748.759098907906,9,RAIN,SECONDARY_13_24
2006,DeptClim,11694.83803234322,9,RAIN,SECONDARY_13_24
2006,Persist,3695.260590634004,9,RAIN,SECONDARY_13_24
2006,Ridge,4793.619914459901,9,RAIN,SECONDARY_13_24
2006,RF,3483.999871250759,9,RAIN,SECONDARY_13_24
2006,HGB,3085.6507381697384,9,RAIN,SECONDARY_13_24
2007,GlobalClim,5363.657643012807,9,RAIN,SECONDARY_13_24
2007,DeptClim,11079.373108342696,9,RAIN,SECONDARY_13_24
2007,Persist,4239.494543699233,9,RAIN,SECONDARY_13_24
2007,Ridge,4124.728502523761,9,RAIN,SECONDARY_13_24
2007,RF,2058.897149054968,9,RAIN,SECONDARY_13_24
2007,HGB,3361.0915862088773,9,RAIN,SECONDARY_13_24
2008,GlobalClim,6037.702910384173,9,RAIN,SECONDARY_13_24
2008,DeptClim,11758.859554105898,9,RAIN,SECONDARY_13_24
2008,Persist,4908.7519869748585,9,RAIN,SECONDARY_13_24
2008,Ridge,2897.5619794547515,9,RAIN,SECONDARY_13_24
2008,RF,1357.458529132531,9,RAIN,SECONDARY_13_24
2008,HGB,1649.0433044892532,9,RAIN,SECONDARY_13_24
2009,GlobalClim,6871.59580608992,9,RAIN,SECONDARY_13_24
2009,DeptClim,12780.75107513821,9,RAIN,SECONDARY_13_24
2009,Persist,5170.320477527013,9,RAIN,SECONDARY_13_24
2009,Ridge,2827.1967744773056,9,RAIN,SECONDARY_13_24
2009,RF,2278.171186367286,9,RAIN,SECONDARY_13_24
2009,HGB,2382.7582340203626,9,RAIN,SECONDARY_13_24
2010,GlobalClim,6864.175078014349,9,RAIN,SECONDARY_13_24
2010,DeptClim,12902.461630225005,9,RAIN,SECONDARY_13_24
2010,Persist,6034.295423246073,9,RAIN,SECONDARY_13_24
2010,Ridge,2417.666281933595,9,RAIN,SECONDARY_13_24
2010,RF,3587.2406167732124,9,RAIN,SECONDARY_13_24
2010,HGB,2333.3449001708027,9,RAIN,SECONDARY_13_24
2011,GlobalClim,4610.087718069442,9,RAIN,SECONDARY_13_24
2011,DeptClim,9678.350187435217,9,RAIN,SECONDARY_13_24
2011,Persist,3713.990538857027,9,RAIN,SECONDARY_13_24
2011,Ridge,4108.85629953932,9,RAIN,SECONDARY_13_24
2011,RF,2290.403292309088,9,RAIN,SECONDARY_13_24
2011,HGB,1419.0704121373813,9,RAIN,SECONDARY_13_24
2012,GlobalClim,6882.202126750898,9,RAIN,SECONDARY_13_24
2012,DeptClim,12608.108406454436,9,RAIN,SECONDARY_13_24
2012,Persist,6933.895000820072,9,RAIN,SECONDARY_13_24
2012,Ridge,2872.7784288757884,9,RAIN,SECONDARY_13_24
2012,RF,1674.811089178994,9,RAIN,SECONDARY_13_24
2012,HGB,2332.83462848173,9,RAIN,SECONDARY_13_24
2013,GlobalClim,3892.8385829456333,9,RAIN,SECONDARY_13_24
2013,DeptClim,5999.145648202622,9,RAIN,SECONDARY_13_24
2013,Persist,2242.2718410077696,9,RAIN,SECONDARY_13_24
2013,Ridge,6390.679096505059,9,RAIN,SECONDARY_13_24
2013,RF,5210.5904543399865,9,RAIN,SECONDARY_13_24
2013,HGB,5154.5014935985155,9,RAIN,SECONDARY_13_24
2014,GlobalClim,6045.818817486722,9,RAIN,SECONDARY_13_24
2014,DeptClim,11296.78551080246,9,RAIN,SECONDARY_13_24
2014,Persist,5408.149911763699,9,RAIN,SECONDARY_13_24
2014,Ridge,2972.5825580424125,9,RAIN,SECONDARY_13_24
2014,RF,3273.1644134416374,9,RAIN,SECONDARY_13_24
2014,HGB,2101.7215150877696,9,RAIN,SECONDARY_13_24
2015,GlobalClim,9751.366045517065,9,RAIN,SECONDARY_13_24
2015,DeptClim,15492.286712182937,9,RAIN,SECONDARY_13_24
2015,Persist,9554.218952307789,9,RAIN,SECONDARY_13_24
2015,Ridge,4153.468175173498,9,RAIN,SECONDARY_13_24
2015,RF,1697.7287564518322,9,RAIN,SECONDARY_13_24
2015,HGB,5884.221021997564,9,RAIN,SECONDARY_13_24
2016,GlobalClim,10020.947647117238,9,RAIN,SECONDARY_13_24
2016,DeptClim,16145.998425022502,9,RAIN,SECONDARY_13_24
2016,Persist,9148.454851989743,9,RAIN,SECONDARY_13_24
2016,Ridge,3557.352360404468,9,RAIN,SECONDARY_13_24
2016,RF,2106.719108825557,9,RAIN,SECONDARY_13_24
2016,HGB,5681.2495782529695,9,RAIN,SECONDARY_13_24
2017,GlobalClim,9890.101373733947,9,RAIN,SECONDARY_13_24
2017,DeptClim,15836.301008143271,9,RAIN,SECONDARY_13_24
2017,Persist,9410.381096876925,9,RAIN,SECONDARY_13_24
2017,Ridge,3907.9233760591674,9,RAIN,SECONDARY_13_24
2017,RF,7790.327637954314,9,RAIN,SECONDARY_13_24
2017,HGB,6620.614383398382,9,RAIN,SECONDARY_13_24
2018,GlobalClim,10662.102149981569,9,RAIN,SECONDARY_13_24
2018,DeptClim,16531.634448173056,9,RAIN,SECONDARY_13_24
2018,Persist,9952.237065694473,9,RAIN,SECONDARY_13_24
2018,Ridge,5942.581296415261,9,RAIN,SECONDARY_13_24
2018,RF,7525.861242228472,9,RAIN,SECONDARY_13_24
2018,HGB,7952.624282894897,9,RAIN,SECONDARY_13_24
2019,GlobalClim,78909.58888121662,9,RAIN,SECONDARY_13_24
2019,DeptClim,76287.68468950907,9,RAIN,SECONDARY_13_24
2019,Persist,20982.743979098075,9,RAIN,SECONDARY_13_24
2019,Ridge,32082.52124535211,9,RAIN,SECONDARY_13_24
2019,RF,70932.7772057828,9,RAIN,SECONDARY_13_24
2019,HGB,74066.48287833533,9,RAIN,SECONDARY_13_24
2020,GlobalClim,20114.574720763307,9,RAIN,SECONDARY_13_24
2020,DeptClim,15053.771726268234,9,RAIN,SECONDARY_13_24
2020,Persist,16429.891534767645,9,RAIN,SECONDARY_13_24
2020,Ridge,14346.224741671958,9,RAIN,SECONDARY_13_24
2020,RF,22228.10117788121,9,RAIN,SECONDARY_13_24
2020,HGB,4777.385827330591,9,RAIN,SECONDARY_13_24
2021,GlobalClim,12174.09370522755,9,RAIN,SECONDARY_13_24
2021,DeptClim,17881.21144333251,9,RAIN,SECONDARY_13_24
2021,Persist,11804.282820089395,9,RAIN,SECONDARY_13_24
2021,Ridge,8229.511515122304,9,RAIN,SECONDARY_13_24
2021,RF,6933.335851955645,9,RAIN,SECONDARY_13_24
2021,HGB,9413.858424431002,9,RAIN,SECONDARY_13_24
2022,GlobalClim,13635.61474079708,9,RAIN,SECONDARY_13_24
2022,DeptClim,19525.547874328557,9,RAIN,SECONDARY_13_24
2022,Persist,12909.626112414287,9,RAIN,SECONDARY_13_24
2022,Ridge,8296.734044857398,9,RAIN,SECONDARY_13_24
2022,RF,3386.675884302868,9,RAIN,SECONDARY_13_24
2022,HGB,9637.53505537012,9,RAIN,SECONDARY_13_24
2023,GlobalClim,14893.115254504743,9,RAIN,SECONDARY_13_24
2023,DeptClim,20664.977190094058,9,RAIN,SECONDARY_13_24
2023,Persist,14881.284128422485,9,RAIN,SECONDARY_13_24
2023,Ridge,9758.280640049927,9,RAIN,SECONDARY_13_24
2023,RF,5522.988852133427,9,RAIN,SECONDARY_13_24
2023,HGB,10985.346475357444,9,RAIN,SECONDARY_13_24
2024,GlobalClim,16112.18652750233,9,RAIN,SECONDARY_13_24
2024,DeptClim,21962.433552623224,9,RAIN,SECONDARY_13_24
2024,Persist,18516.19600494218,9,RAIN,SECONDARY_13_24
2024,Ridge,10859.657505392439,9,RAIN,SECONDARY_13_24
2024,RF,8491.813418020382,9,RAIN,SECONDARY_13_24
2024,HGB,12765.08199810943,9,RAIN,SECONDARY_13_24
2001,GlobalClim,3954.103615003358,10,RAIN,SECONDARY_13_24
2001,DeptClim,1945.5972361277898,10,RAIN,SECONDARY_13_24
2001,Persist,1002.7135796809773,10,RAIN,SECONDARY_13_24
2001,Ridge,7068.0914585256805,10,RAIN,SECONDARY_13_24
2001,RF,917.64512502501,10,RAIN,SECONDARY_13_24
2001,HGB,5817.709767231374,10,RAIN,SECONDARY_13_24
2002,GlobalClim,45468.8423135416,10,RAIN,SECONDARY_13_24
2002,DeptClim,74134.17300917309,10,RAIN,SECONDARY_13_24
2002,Persist,42823.422766314376,10,RAIN,SECONDARY_13_24
2002,Ridge,37356.45068165767,10,RAIN,SECONDARY_13_24
2002,RF,17674.546232309098,10,RAIN,SECONDARY_13_24
2002,HGB,43037.77787101014,10,RAIN,SECONDARY_13_24
2003,GlobalClim,29797.82643190113,10,RAIN,SECONDARY_13_24
2003,DeptClim,8770.647549021869,10,RAIN,SECONDARY_13_24
2003,Persist,9234.432009515656,10,RAIN,SECONDARY_13_24
2003,Ridge,31540.0352359401,10,RAIN,SECONDARY_13_24
2003,RF,4137.274651223727,10,RAIN,SECONDARY_13_24
2003,HGB,26949.75645974745,10,RAIN,SECONDARY_13_24
2004,GlobalClim,25951.204516490947,10,RAIN,SECONDARY_13_24
2004,DeptClim,8020.552932956104,10,RAIN,SECONDARY_13_24
2004,Persist,9213.456433320216,10,RAIN,SECONDARY_13_24
2004,Ridge,27095.35232180895,10,RAIN,SECONDARY_13_24
2004,RF,2323.8794964685494,10,RAIN,SECONDARY_13_24
2004,HGB,25195.257894188097,10,RAIN,SECONDARY_13_24
2005,GlobalClim,11007.900678339209,10,RAIN,SECONDARY_13_24
2005,DeptClim,3930.5181030842377,10,RAIN,SECONDARY_13_24
2005,Persist,4513.759672093119,10,RAIN,SECONDARY_13_24
2005,Ridge,11568.814299937712,10,RAIN,SECONDARY_13_24
2005,RF,2832.802839671734,10,RAIN,SECONDARY_13_24
2005,HGB,10133.182412097707,10,RAIN,SECONDARY_13_24
2006,GlobalClim,10699.718078402251,10,RAIN,SECONDARY_13_24
2006,DeptClim,18107.159490962204,10,RAIN,SECONDARY_13_24
2006,Persist,9719.439822798666,10,RAIN,SECONDARY_13_24
2006,Ridge,8540.369187487786,10,RAIN,SECONDARY_13_24
2006,RF,3512.4634223699804,10,RAIN,SECONDARY_13_24
2006,HGB,8957.66066002778,10,RAIN,SECONDARY_13_24
2007,GlobalClim,10658.008478574442,10,RAIN,SECONDARY_13_24
2007,DeptClim,18020.672967623956,10,RAIN,SECONDARY_13_24
2007,Persist,9808.675412272918,10,RAIN,SECONDARY_13_24
2007,Ridge,7927.129304236302,10,RAIN,SECONDARY_13_24
2007,RF,2689.0058826042728,10,RAIN,SECONDARY_13_24
2007,HGB,8837.06383348444,10,RAIN,SECONDARY_13_24
2008,GlobalClim,9971.424798971962,10,RAIN,SECONDARY_13_24
2008,DeptClim,16961.805502554926,10,RAIN,SECONDARY_13_24
2008,Persist,8758.876596544002,10,RAIN,SECONDARY_13_24
2008,Ridge,7840.399947579459,10,RAIN,SECONDARY_13_24
2008,RF,2981.2848883947427,10,RAIN,SECONDARY_13_24
2008,HGB,7252.567887979254,10,RAIN,SECONDARY_13_24
2009,GlobalClim,9863.381255824537,10,RAIN,SECONDARY_13_24
2009,DeptClim,16803.311369356546,10,RAIN,SECONDARY_13_24
2009,Persist,8403.358628423299,10,RAIN,SECONDARY_13_24
2009,Ridge,7018.8524619524,10,RAIN,SECONDARY_13_24
2009,RF,1249.522679492024,10,RAIN,SECONDARY_13_24
2009,HGB,8207.970023822596,10,RAIN,SECONDARY_13_24
2010,GlobalClim,10074.954062677953,10,RAIN,SECONDARY_13_24
2010,DeptClim,17356.404680960717,10,RAIN,SECONDARY_13_24
2010,Persist,8969.1993424201,10,RAIN,SECONDARY_13_24
2010,Ridge,6947.565290262509,10,RAIN,SECONDARY_13_24
2010,RF,2428.7901355505132,10,RAIN,SECONDARY_13_24
2010,HGB,8172.0816508783355,10,RAIN,SECONDARY_13_24
2011,GlobalClim,7303.415540508607,10,RAIN,SECONDARY_13_24
2011,DeptClim,3433.0819180094177,10,RAIN,SECONDARY_13_24
2011,Persist,3734.0408634554155,10,RAIN,SECONDARY_13_24
2011,Ridge,8520.213296247424,10,RAIN,SECONDARY_13_24
2011,RF,2940.4805467351334,10,RAIN,SECONDARY_13_24
2011,HGB,8353.425806359004,10,RAIN,SECONDARY_13_24
2012,GlobalClim,8493.18213476878,10,RAIN,SECONDARY_13_24
2012,DeptClim,15309.82259354442,10,RAIN,SECONDARY_13_24
2012,Persist,8279.927899718256,10,RAIN,SECONDARY_13_24
2012,Ridge,6211.259346818238,10,RAIN,SECONDARY_13_24
2012,RF,4717.344012671031,10,RAIN,SECONDARY_13_24
2012,HGB,10129.935053621874,10,RAIN,SECONDARY_13_24
2013,GlobalClim,12119.487900437955,10,RAIN,SECONDARY_13_24
2013,DeptClim,6080.946158011336,10,RAIN,SECONDARY_13_24
2013,Persist,4383.553419712221,10,RAIN,SECONDARY_13_24
2013,Ridge,13065.521587575753,10,RAIN,SECONDARY_13_24
2013,RF,5879.690327482318,10,RAIN,SECONDARY_13_24
2013,HGB,11530.90754446395,10,RAIN,SECONDARY_13_24
2014,GlobalClim,7843.498425936912,10,RAIN,SECONDARY_13_24
2014,DeptClim,3968.063030362366,10,RAIN,SECONDARY_13_24
2014,Persist,4327.339595263284,10,RAIN,SECONDARY_13_24
2014,Ridge,8791.918489357424,10,RAIN,SECONDARY_13_24
2014,RF,2133.391057103769,10,RAIN,SECONDARY_13_24
2014,HGB,8193.813971695829,10,RAIN,SECONDARY_13_24
2015,GlobalClim,12168.103600164904,10,RAIN,SECONDARY_13_24
2015,DeptClim,6450.587833323355,10,RAIN,SECONDARY_13_24
2015,Persist,12491.01967339847,10,RAIN,SECONDARY_13_24
2015,Ridge,13577.884831202504,10,RAIN,SECONDARY_13_24
2015,RF,9816.205962811497,10,RAIN,SECONDARY_13_24
2015,HGB,12984.331172974866,10,RAIN,SECONDARY_13_24
2016,GlobalClim,8959.965645334714,10,RAIN,SECONDARY_13_24
2016,DeptClim,15767.688829352483,10,RAIN,SECONDARY_13_24
2016,Persist,7981.160383297042,10,RAIN,SECONDARY_13_24
2016,Ridge,5568.4588792143195,10,RAIN,SECONDARY_13_24
2016,RF,2005.8551199327073,10,RAIN,SECONDARY_13_24
2016,HGB,6492.979901675498,10,RAIN,SECONDARY_13_24
2017,GlobalClim,8700.287050787712,10,RAIN,SECONDARY_13_24
2017,DeptClim,15482.834524132928,10,RAIN,SECONDARY_13_24
2017,Persist,8221.692800182567,10,RAIN,SECONDARY_13_24
2017,Ridge,5741.479536418768,10,RAIN,SECONDARY_13_24
2017,RF,2868.8882996542325,10,RAIN,SECONDARY_13_24
2017,HGB,6394.909819584467,10,RAIN,SECONDARY_13_24
2018,GlobalClim,8366.827304181203,10,RAIN,SECONDARY_13_24
2018,DeptClim,15129.539850662435,10,RAIN,SECONDARY_13_24
2018,Persist,7703.8462143399265,10,RAIN,SECONDARY_13_24
2018,Ridge,6987.467197930854,10,RAIN,SECONDARY_13_24
2018,RF,6189.811456016625,10,RAIN,SECONDARY_13_24
2018,HGB,9434.725780067636,10,RAIN,SECONDARY_13_24
2019,GlobalClim,43660.06746070816,10,RAIN,SECONDARY_13_24
2019,DeptClim,38453.76351645455,10,RAIN,SECONDARY_13_24
2019,Persist,39018.86573340204,10,RAIN,SECONDARY_13_24
2019,Ridge,45082.57058926411,10,RAIN,SECONDARY_13_24
2019,RF,49633.02043709706,10,RAIN,SECONDARY_13_24
2019,HGB,44694.90769905867,10,RAIN,SECONDARY_13_24
2020,GlobalClim,8385.346640248295,10,RAIN,SECONDARY_13_24
2020,DeptClim,14730.67925542723,10,RAIN,SECONDARY_13_24
2020,Persist,35194.88223230924,10,RAIN,SECONDARY_13_24
2020,Ridge,55523.40100574717,10,RAIN,SECONDARY_13_24
2020,RF,21604.277343225967,10,RAIN,SECONDARY_13_24
2020,HGB,11032.525001481317,10,RAIN,SECONDARY_13_24
2021,GlobalClim,7750.554798883669,10,RAIN,SECONDARY_13_24
2021,DeptClim,13990.313186524952,10,RAIN,SECONDARY_13_24
2021,Persist,7886.742698778028,10,RAIN,SECONDARY_13_24
2021,Ridge,5166.958407589579,10,RAIN,SECONDARY_13_24
2021,RF,2203.0046318447608,10,RAIN,SECONDARY_13_24
2021,HGB,5633.68190527627,10,RAIN,SECONDARY_13_24
2022,GlobalClim,8068.150345244959,10,RAIN,SECONDARY_13_24
2022,DeptClim,14704.716333171811,10,RAIN,SECONDARY_13_24
2022,Persist,7562.4596183934145,10,RAIN,SECONDARY_13_24
2022,Ridge,5549.788668109134,10,RAIN,SECONDARY_13_24
2022,RF,1517.329500100747,10,RAIN,SECONDARY_13_24
2022,HGB,5985.326245688511,10,RAIN,SECONDARY_13_24
2023,GlobalClim,9071.18446705066,10,RAIN,SECONDARY_13_24
2023,DeptClim,15420.198089906025,10,RAIN,SECONDARY_13_24
2023,Persist,7931.178067114558,10,RAIN,SECONDARY_13_24
2023,Ridge,6045.625038788328,10,RAIN,SECONDARY_13_24
2023,RF,4168.143954183763,10,RAIN,SECONDARY_13_24
2023,HGB,8141.269119982857,10,RAIN,SECONDARY_13_24
2024,GlobalClim,8831.659434928233,10,RAIN,SECONDARY_13_24
2024,DeptClim,15122.72168186581,10,RAIN,SECONDARY_13_24
2024,Persist,7975.518232495268,10,RAIN,SECONDARY_13_24
2024,Ridge,6092.28916730329,10,RAIN,SECONDARY_13_24
2024,RF,4128.885953307698,10,RAIN,SECONDARY_13_24
2024,HGB,8387.423370059541,10,RAIN,SECONDARY_13_24
2001,GlobalClim,4473.4293350934095,11,RAIN,SECONDARY_13_24
2001,DeptClim,2134.4465272384664,11,RAIN,SECONDARY_13_24
2001,Persist,921.7988826825167,11,RAIN,SECONDARY_13_24
2001,Ridge,9052.751284064603,11,RAIN,SECONDARY_13_24
2001,RF,2090.421045853048,11,RAIN,SECONDARY_13_24
2001,HGB,2360.371426203064,11,RAIN,SECONDARY_13_24
2002,GlobalClim,41547.025056003185,11,RAIN,SECONDARY_13_24
2002,DeptClim,74305.38380655753,11,RAIN,SECONDARY_13_24
2002,Persist,40147.43625746927,11,RAIN,SECONDARY_13_24
2002,Ridge,31327.598800079897,11,RAIN,SECONDARY_13_24
2002,RF,7581.304026972858,11,RAIN,SECONDARY_13_24
2002,HGB,33109.23171104135,11,RAIN,SECONDARY_13_24
2003,GlobalClim,32299.814391935008,11,RAIN,SECONDARY_13_24
2003,DeptClim,7945.904137710003,11,RAIN,SECONDARY_13_24
2003,Persist,22977.513886377354,11,RAIN,SECONDARY_13_24
2003,Ridge,34700.055022322165,11,RAIN,SECONDARY_13_24
2003,RF,4650.28384825691,11,RAIN,SECONDARY_13_24
2003,HGB,21598.462395409282,11,RAIN,SECONDARY_13_24
2004,GlobalClim,24543.629329298717,11,RAIN,SECONDARY_13_24
2004,DeptClim,6071.239414330858,11,RAIN,SECONDARY_13_24
2004,Persist,20371.222633038993,11,RAIN,SECONDARY_13_24
2004,Ridge,26143.97357276607,11,RAIN,SECONDARY_13_24
2004,RF,1852.523016289061,11,RAIN,SECONDARY_13_24
2004,HGB,16554.07457065544,11,RAIN,SECONDARY_13_24
2005,GlobalClim,11364.253944983588,11,RAIN,SECONDARY_13_24
2005,DeptClim,3386.304336501283,11,RAIN,SECONDARY_13_24
2005,Persist,8593.75131908212,11,RAIN,SECONDARY_13_24
2005,Ridge,12268.089251556654,11,RAIN,SECONDARY_13_24
2005,RF,3363.2444510001155,11,RAIN,SECONDARY_13_24
2005,HGB,13459.92681772616,11,RAIN,SECONDARY_13_24
2006,GlobalClim,10691.085523981137,11,RAIN,SECONDARY_13_24
2006,DeptClim,19115.069880861953,11,RAIN,SECONDARY_13_24
2006,Persist,10432.63877805603,11,RAIN,SECONDARY_13_24
2006,Ridge,7646.657058498847,11,RAIN,SECONDARY_13_24
2006,RF,1437.496967825403,11,RAIN,SECONDARY_13_24
2006,HGB,8275.22632411632,11,RAIN,SECONDARY_13_24
2007,GlobalClim,11961.877776278317,11,RAIN,SECONDARY_13_24
2007,DeptClim,20795.793294098374,11,RAIN,SECONDARY_13_24
2007,Persist,11286.863788097506,11,RAIN,SECONDARY_13_24
2007,Ridge,8419.7030709699,11,RAIN,SECONDARY_13_24
2007,RF,2111.004850178644,11,RAIN,SECONDARY_13_24
2007,HGB,9416.922048954808,11,RAIN,SECONDARY_13_24
2008,GlobalClim,10731.64423502935,11,RAIN,SECONDARY_13_24
2008,DeptClim,18639.364859371042,11,RAIN,SECONDARY_13_24
2008,Persist,9718.176902569063,11,RAIN,SECONDARY_13_24
2008,Ridge,8305.552126655266,11,RAIN,SECONDARY_13_24
2008,RF,4317.307143266577,11,RAIN,SECONDARY_13_24
2008,HGB,9018.982075030666,11,RAIN,SECONDARY_13_24
2009,GlobalClim,10406.627755449397,11,RAIN,SECONDARY_13_24
2009,DeptClim,18369.5001613042,11,RAIN,SECONDARY_13_24
2009,Persist,9544.926436980424,11,RAIN,SECONDARY_13_24
2009,Ridge,6757.3635738227495,11,RAIN,SECONDARY_13_24
2009,RF,800.7871756993228,11,RAIN,SECONDARY_13_24
2009,HGB,7654.40069272394,11,RAIN,SECONDARY_13_24
2010,GlobalClim,10794.40228303432,11,RAIN,SECONDARY_13_24
2010,DeptClim,19164.294036701773,11,RAIN,SECONDARY_13_24
2010,Persist,9850.097685282977,11,RAIN,SECONDARY_13_24
2010,Ridge,7017.440125627627,11,RAIN,SECONDARY_13_24
2010,RF,1380.9539629667997,11,RAIN,SECONDARY_13_24
2010,HGB,8481.662555820549,11,RAIN,SECONDARY_13_24
2011,GlobalClim,6739.80665342005,11,RAIN,SECONDARY_13_24
2011,DeptClim,4562.503923439477,11,RAIN,SECONDARY_13_24
2011,Persist,8844.005163480828,11,RAIN,SECONDARY_13_24
2011,Ridge,8086.42807445161,11,RAIN,SECONDARY_13_24
2011,RF,7195.800626990719,11,RAIN,SECONDARY_13_24
2011,HGB,7390.96977133428,11,RAIN,SECONDARY_13_24
2012,GlobalClim,9779.216529536301,11,RAIN,SECONDARY_13_24
2012,DeptClim,17397.483173589113,11,RAIN,SECONDARY_13_24
2012,Persist,9566.608511924824,11,RAIN,SECONDARY_13_24
2012,Ridge,7059.103150365398,11,RAIN,SECONDARY_13_24
2012,RF,1017.9396658106081,11,RAIN,SECONDARY_13_24
2012,HGB,6371.09543313772,11,RAIN,SECONDARY_13_24
2013,GlobalClim,11098.321278840409,11,RAIN,SECONDARY_13_24
2013,DeptClim,4628.293233220414,11,RAIN,SECONDARY_13_24
2013,Persist,8631.156236974342,11,RAIN,SECONDARY_13_24
2013,Ridge,12391.673386261375,11,RAIN,SECONDARY_13_24
2013,RF,9256.980506422038,11,RAIN,SECONDARY_13_24
2013,HGB,13379.417827631069,11,RAIN,SECONDARY_13_24
2014,GlobalClim,7154.740213972069,11,RAIN,SECONDARY_13_24
2014,DeptClim,5184.202646701072,11,RAIN,SECONDARY_13_24
2014,Persist,8926.901084607442,11,RAIN,SECONDARY_13_24
2014,Ridge,8241.875799996926,11,RAIN,SECONDARY_13_24
2014,RF,2155.6240919581214,11,RAIN,SECONDARY_13_24
2014,HGB,7548.946534416881,11,RAIN,SECONDARY_13_24
2015,GlobalClim,10799.257325360246,11,RAIN,SECONDARY_13_24
2015,DeptClim,18416.97573657582,11,RAIN,SECONDARY_13_24
2015,Persist,27502.615361459557,11,RAIN,SECONDARY_13_24
2015,Ridge,7579.133807574376,11,RAIN,SECONDARY_13_24
2015,RF,3206.909724341369,11,RAIN,SECONDARY_13_24
2015,HGB,8098.850563297588,11,RAIN,SECONDARY_13_24
2016,GlobalClim,10614.353546994425,11,RAIN,SECONDARY_13_24
2016,DeptClim,18296.44656488185,11,RAIN,SECONDARY_13_24
2016,Persist,9741.87446284109,11,RAIN,SECONDARY_13_24
2016,Ridge,6767.177812410187,11,RAIN,SECONDARY_13_24
2016,RF,2527.6034113197697,11,RAIN,SECONDARY_13_24
2016,HGB,7984.118112143897,11,RAIN,SECONDARY_13_24
2017,GlobalClim,10578.217667283105,11,RAIN,SECONDARY_13_24
2017,DeptClim,18499.381948369013,11,RAIN,SECONDARY_13_24
2017,Persist,9938.747167772013,11,RAIN,SECONDARY_13_24
2017,Ridge,7306.570096551807,11,RAIN,SECONDARY_13_24
2017,RF,3039.0134645038947,11,RAIN,SECONDARY_13_24
2017,HGB,9015.674787939764,11,RAIN,SECONDARY_13_24
2018,GlobalClim,43807.81157098621,11,RAIN,SECONDARY_13_24
2018,DeptClim,37577.284995939226,11,RAIN,SECONDARY_13_24
2018,Persist,43746.66595805714,11,RAIN,SECONDARY_13_24
2018,Ridge,46320.46635752473,11,RAIN,SECONDARY_13_24
2018,RF,40997.31961226062,11,RAIN,SECONDARY_13_24
2018,HGB,45167.39651936587,11,RAIN,SECONDARY_13_24
2019,GlobalClim,35230.167640633306,11,RAIN,SECONDARY_13_24
2019,DeptClim,28605.526367354156,11,RAIN,SECONDARY_13_24
2019,Persist,12602.195103667998,11,RAIN,SECONDARY_13_24
2019,Ridge,42541.972217106886,11,RAIN,SECONDARY_13_24
2019,RF,35381.21988535639,11,RAIN,SECONDARY_13_24
2019,HGB,35083.42538339319,11,RAIN,SECONDARY_13_24
2020,GlobalClim,10535.69610434412,11,RAIN,SECONDARY_13_24
2020,DeptClim,18103.93054739763,11,RAIN,SECONDARY_13_24
2020,Persist,10027.774597961981,11,RAIN,SECONDARY_13_24
2020,Ridge,24490.077034201437,11,RAIN,SECONDARY_13_24
2020,RF,22804.418729630226,11,RAIN,SECONDARY_13_24
2020,HGB,17620.710566012593,11,RAIN,SECONDARY_13_24
2021,GlobalClim,11083.487601395815,11,RAIN,SECONDARY_13_24
2021,DeptClim,18422.20683996638,11,RAIN,SECONDARY_13_24
2021,Persist,10965.514770682476,11,RAIN,SECONDARY_13_24
2021,Ridge,7699.764754118788,11,RAIN,SECONDARY_13_24
2021,RF,2492.41632312187,11,RAIN,SECONDARY_13_24
2021,HGB,9430.640998409523,11,RAIN,SECONDARY_13_24
2022,GlobalClim,13507.09806392369,11,RAIN,SECONDARY_13_24
2022,DeptClim,20515.257680934577,11,RAIN,SECONDARY_13_24
2022,Persist,14862.580640723549,11,RAIN,SECONDARY_13_24
2022,Ridge,10457.189530451044,11,RAIN,SECONDARY_13_24
2022,RF,7186.254713080333,11,RAIN,SECONDARY_13_24
2022,HGB,11024.53675567231,11,RAIN,SECONDARY_13_24
2023,GlobalClim,12950.659210160766,11,RAIN,SECONDARY_13_24
2023,DeptClim,20334.239020616707,11,RAIN,SECONDARY_13_24
2023,Persist,12107.917744825943,11,RAIN,SECONDARY_13_24
2023,Ridge,9489.482282152267,11,RAIN,SECONDARY_13_24
2023,RF,7730.081484236027,11,RAIN,SECONDARY_13_24
2023,HGB,13405.60180920074,11,RAIN,SECONDARY_13_24
2024,GlobalClim,14105.360582192208,11,RAIN,SECONDARY_13_24
2024,DeptClim,21292.56177182301,11,RAIN,SECONDARY_13_24
2024,Persist,14346.506449946295,11,RAIN,SECONDARY_13_24
2024,Ridge,13328.014486920345,11,RAIN,SECONDARY_13_24
2024,RF,10868.474999735385,11,RAIN,SECONDARY_13_24
2024,HGB,14407.169573696037,11,RAIN,SECONDARY_13_24
2001,GlobalClim,4181.530336101577,12,RAIN,SECONDARY_13_24
2001,DeptClim,2245.1623961536743,12,RAIN,SECONDARY_13_24
2001,Persist,992.7505221647134,12,RAIN,SECONDARY_13_24
2001,Ridge,7105.426365989306,12,RAIN,SECONDARY_13_24
2001,RF,1201.8438458417284,12,RAIN,SECONDARY_13_24
2001,HGB,3662.642223717094,12,RAIN,SECONDARY_13_24
2002,GlobalClim,42149.252538445246,12,RAIN,SECONDARY_13_24
2002,DeptClim,74734.38256335795,12,RAIN,SECONDARY_13_24
2002,Persist,41080.05597446741,12,RAIN,SECONDARY_13_24
2002,Ridge,32934.92052806269,12,RAIN,SECONDARY_13_24
2002,RF,10921.677829727925,12,RAIN,SECONDARY_13_24
2002,HGB,31973.979124255,12,RAIN,SECONDARY_13_24
2003,GlobalClim,31885.893540443783,12,RAIN,SECONDARY_13_24
2003,DeptClim,7699.771543086891,12,RAIN,SECONDARY_13_24
2003,Persist,23505.577081245498,12,RAIN,SECONDARY_13_24
2003,Ridge,33150.762046698226,12,RAIN,SECONDARY_13_24
2003,RF,5332.591349172985,12,RAIN,SECONDARY_13_24
2003,HGB,29278.41055312495,12,RAIN,SECONDARY_13_24
2004,GlobalClim,24305.36417708577,12,RAIN,SECONDARY_13_24
2004,DeptClim,5627.136325753957,12,RAIN,SECONDARY_13_24
2004,Persist,18621.309056572365,12,RAIN,SECONDARY_13_24
2004,Ridge,25157.843147282874,12,RAIN,SECONDARY_13_24
2004,RF,5323.78826726337,12,RAIN,SECONDARY_13_24
2004,HGB,14255.033024089102,12,RAIN,SECONDARY_13_24
2005,GlobalClim,11194.258124033793,12,RAIN,SECONDARY_13_24
2005,DeptClim,2952.405486749591,12,RAIN,SECONDARY_13_24
2005,Persist,8760.964868760297,12,RAIN,SECONDARY_13_24
2005,Ridge,11827.597887305112,12,RAIN,SECONDARY_13_24
2005,RF,3340.1261964125765,12,RAIN,SECONDARY_13_24
2005,HGB,13092.805551736492,12,RAIN,SECONDARY_13_24
2006,GlobalClim,10488.182530368964,12,RAIN,SECONDARY_13_24
2006,DeptClim,18947.43083391799,12,RAIN,SECONDARY_13_24
2006,Persist,10238.764397194498,12,RAIN,SECONDARY_13_24
2006,Ridge,7947.30786703667,12,RAIN,SECONDARY_13_24
2006,RF,1973.0007040854798,12,RAIN,SECONDARY_13_24
2006,HGB,7696.6117238313145,12,RAIN,SECONDARY_13_24
2007,GlobalClim,10252.690471829445,12,RAIN,SECONDARY_13_24
2007,DeptClim,18883.84585106074,12,RAIN,SECONDARY_13_24
2007,Persist,9041.78603420201,12,RAIN,SECONDARY_13_24
2007,Ridge,7095.903949425272,12,RAIN,SECONDARY_13_24
2007,RF,1361.664060344211,12,RAIN,SECONDARY_13_24
2007,HGB,7276.398901522899,12,RAIN,SECONDARY_13_24
2008,GlobalClim,10971.409663422432,12,RAIN,SECONDARY_13_24
2008,DeptClim,19171.714732347795,12,RAIN,SECONDARY_13_24
2008,Persist,10915.087790045685,12,RAIN,SECONDARY_13_24
2008,Ridge,8259.113108856478,12,RAIN,SECONDARY_13_24
2008,RF,2352.404038477953,12,RAIN,SECONDARY_13_24
2008,HGB,8098.2796765176045,12,RAIN,SECONDARY_13_24
2009,GlobalClim,9392.803118587419,12,RAIN,SECONDARY_13_24
2009,DeptClim,17340.351846891263,12,RAIN,SECONDARY_13_24
2009,Persist,8741.480294202618,12,RAIN,SECONDARY_13_24
2009,Ridge,6205.550931949731,12,RAIN,SECONDARY_13_24
2009,RF,857.5261538916437,12,RAIN,SECONDARY_13_24
2009,HGB,6097.520322634574,12,RAIN,SECONDARY_13_24
2010,GlobalClim,9717.926959003229,12,RAIN,SECONDARY_13_24
2010,DeptClim,17973.844274292926,12,RAIN,SECONDARY_13_24
2010,Persist,9042.41145924706,12,RAIN,SECONDARY_13_24
2010,Ridge,6274.49757010161,12,RAIN,SECONDARY_13_24
2010,RF,1514.204138669396,12,RAIN,SECONDARY_13_24
2010,HGB,6748.460745099154,12,RAIN,SECONDARY_13_24
2011,GlobalClim,6489.998218986487,12,RAIN,SECONDARY_13_24
2011,DeptClim,4127.116981446948,12,RAIN,SECONDARY_13_24
2011,Persist,8888.51320797188,12,RAIN,SECONDARY_13_24
2011,Ridge,8046.5818167541465,12,RAIN,SECONDARY_13_24
2011,RF,6640.618079140556,12,RAIN,SECONDARY_13_24
2011,HGB,8210.127658067478,12,RAIN,SECONDARY_13_24
2012,GlobalClim,9434.73324556041,12,RAIN,SECONDARY_13_24
2012,DeptClim,17615.35844966071,12,RAIN,SECONDARY_13_24
2012,Persist,9518.364724401277,12,RAIN,SECONDARY_13_24
2012,Ridge,7497.286428759042,12,RAIN,SECONDARY_13_24
2012,RF,2405.395318438854,12,RAIN,SECONDARY_13_24
2012,HGB,6210.533575078745,12,RAIN,SECONDARY_13_24
2013,GlobalClim,11014.163006337918,12,RAIN,SECONDARY_13_24
2013,DeptClim,4565.389254155601,12,RAIN,SECONDARY_13_24
2013,Persist,8585.766896031464,12,RAIN,SECONDARY_13_24
2013,Ridge,12185.330757911943,12,RAIN,SECONDARY_13_24
2013,RF,5290.382896406623,12,RAIN,SECONDARY_13_24
2013,HGB,13211.529898134339,12,RAIN,SECONDARY_13_24
2014,GlobalClim,6908.088076091125,12,RAIN,SECONDARY_13_24
2014,DeptClim,4771.5923010727065,12,RAIN,SECONDARY_13_24
2014,Persist,8708.917500119027,12,RAIN,SECONDARY_13_24
2014,Ridge,8225.550799123323,12,RAIN,SECONDARY_13_24
2014,RF,1785.0491393909597,12,RAIN,SECONDARY_13_24
2014,HGB,7817.157116577121,12,RAIN,SECONDARY_13_24
2015,GlobalClim,10833.79204784044,12,RAIN,SECONDARY_13_24
2015,DeptClim,18717.054616273916,12,RAIN,SECONDARY_13_24
2015,Persist,9994.383225079284,12,RAIN,SECONDARY_13_24
2015,Ridge,7778.390868882441,12,RAIN,SECONDARY_13_24
2015,RF,2717.077246929697,12,RAIN,SECONDARY_13_24
2015,HGB,9271.70261838216,12,RAIN,SECONDARY_13_24
2016,GlobalClim,11149.608316340878,12,RAIN,SECONDARY_13_24
2016,DeptClim,19086.713101596695,12,RAIN,SECONDARY_13_24
2016,Persist,10610.764383783266,12,RAIN,SECONDARY_13_24
2016,Ridge,7493.217652960737,12,RAIN,SECONDARY_13_24
2016,RF,2338.582690343733,12,RAIN,SECONDARY_13_24
2016,HGB,7653.509160853126,12,RAIN,SECONDARY_13_24
2017,GlobalClim,10329.485795766774,12,RAIN,SECONDARY_13_24
2017,DeptClim,18100.28198190627,12,RAIN,SECONDARY_13_24
2017,Persist,10063.632119244929,12,RAIN,SECONDARY_13_24
2017,Ridge,7118.605628626179,12,RAIN,SECONDARY_13_24
2017,RF,2460.3106525302996,12,RAIN,SECONDARY_13_24
2017,HGB,7113.298636719057,12,RAIN,SECONDARY_13_24
2018,GlobalClim,43974.14721896021,12,RAIN,SECONDARY_13_24
2018,DeptClim,37746.64043573033,12,RAIN,SECONDARY_13_24
2018,Persist,7431.576776391233,12,RAIN,SECONDARY_13_24
2018,Ridge,46318.785857995994,12,RAIN,SECONDARY_13_24
2018,RF,47386.91749422953,12,RAIN,SECONDARY_13_24
2018,HGB,45394.48512260328,12,RAIN,SECONDARY_13_24
2019,GlobalClim,32667.30833525655,12,RAIN,SECONDARY_13_24
2019,DeptClim,25939.556533083614,12,RAIN,SECONDARY_13_24
2019,Persist,9124.478618665944,12,RAIN,SECONDARY_13_24
2019,Ridge,39907.58296395903,12,RAIN,SECONDARY_13_24
2019,RF,34934.887888596284,12,RAIN,SECONDARY_13_24
2019,HGB,32575.084824690897,12,RAIN,SECONDARY_13_24
2020,GlobalClim,10427.272013045067,12,RAIN,SECONDARY_13_24
2020,DeptClim,17832.591188213744,12,RAIN,SECONDARY_13_24
2020,Persist,11017.6593665841,12,RAIN,SECONDARY_13_24
2020,Ridge,24047.938260895768,12,RAIN,SECONDARY_13_24
2020,RF,21283.159688704414,12,RAIN,SECONDARY_13_24
2020,HGB,15207.410591314188,12,RAIN,SECONDARY_13_24
2021,GlobalClim,10489.125561313678,12,RAIN,SECONDARY_13_24
2021,DeptClim,18036.182020425367,12,RAIN,SECONDARY_13_24
2021,Persist,10814.461405068425,12,RAIN,SECONDARY_13_24
2021,Ridge,7557.944685413355,12,RAIN,SECONDARY_13_24
2021,RF,3313.004249221166,12,RAIN,SECONDARY_13_24
2021,HGB,8940.984979785324,12,RAIN,SECONDARY_13_24
2022,GlobalClim,11441.320745228566,12,RAIN,SECONDARY_13_24
2022,DeptClim,19095.96752360355,12,RAIN,SECONDARY_13_24
2022,Persist,9857.77734953805,12,RAIN,SECONDARY_13_24
2022,Ridge,8646.898952547994,12,RAIN,SECONDARY_13_24
2022,RF,5872.802367456777,12,RAIN,SECONDARY_13_24
2022,HGB,11099.313476019943,12,RAIN,SECONDARY_13_24
2023,GlobalClim,11728.791518386679,12,RAIN,SECONDARY_13_24
2023,DeptClim,19384.2659993063,12,RAIN,SECONDARY_13_24
2023,Persist,11251.887081096322,12,RAIN,SECONDARY_13_24
2023,Ridge,8788.215328771694,12,RAIN,SECONDARY_13_24
2023,RF,5502.827319054945,12,RAIN,SECONDARY_13_24
2023,HGB,9977.721982798845,12,RAIN,SECONDARY_13_24
2024,GlobalClim,12059.120459630087,12,RAIN,SECONDARY_13_24
2024,DeptClim,19849.401349309755,12,RAIN,SECONDARY_13_24
2024,Persist,12403.509949840292,12,RAIN,SECONDARY_13_24
2024,Ridge,11102.184335231042,12,RAIN,SECONDARY_13_24
2024,RF,7990.253074992299,12,RAIN,SECONDARY_13_24
2024,HGB,11066.653172721073,12,RAIN,SECONDARY_13_24
